1070,16:47:22,14,F,READY,-1.60,N,N,N,20.80,93.50,6.90,16:47:22,624.62,37.00,-80.00,13,-179.38,1.19,CXON
1070,16:58:22,1,F,READY,-0.10,N,N,N,22.20,93.50,0.60,16:58:20,617.01,37,-80,16,179.00,2.06,CXON
1070,16:58:23,2,F,READY,-0.10,N,N,N,22.20,93.50,6.80,16:58:21,616.40,37,-80,17,179.00,2.06,CXON
1070,16:58:24,3,F,READY,-0.20,N,N,N,22.20,93.50,6.80,16:58:22,616.35,37,-80,17,179.00,2.06,CXON
1070,16:58:25,4,F,READY,-0.20,N,N,N,22.20,93.50,6.90,16:58:23,616.15,37,-80,17,179.00,2.06,CXON
1070,16:58:26,5,F,READY,-0.40,N,N,N,22.30,93.50,6.90,16:58:24,616.34,37,-80,17,179.00,2.06,CXON
1070,16:58:27,6,F,READY,-0.40,N,N,N,22.30,93.50,6.80,16:58:25,616.61,37,-80,17,179.00,2.06,CXON
1070,16:58:28,7,F,READY,-0.40,N,N,N,22.30,93.50,6.80,16:58:26,616.83,37,-80,17,179.00,2.06,CXON
1070,16:58:29,8,F,READY,-0.40,N,N,N,22.30,93.50,6.80,16:58:27,617.10,37,-80,16,179.00,2.06,CXON
1070,16:58:30,9,F,READY,-0.40,N,N,N,22.30,93.50,6.80,16:58:28,617.22,37,-80,16,179.00,2.06,CXON
1070,16:58:31,10,F,READY,-0.40,N,N,N,22.30,93.50,6.80,16:58:29,617.12,37,-80,16,179.00,2.06,CXON
1070,16:58:32,11,F,READY,-0.30,N,N,N,22.30,93.50,6.90,16:58:30,617.20,37,-80,17,179.00,2.06,CXON
1070,16:58:33,12,F,READY,-0.30,N,N,N,22.30,93.50,6.80,16:58:31,617.21,37,-80,16,179.00,2.06,CXON
1070,16:58:34,13,F,READY,-0.40,N,N,N,22.30,93.50,6.80,16:58:32,617.31,37,-80,16,179.00,2.06,CXON
1070,16:58:35,14,F,READY,-0.40,N,N,N,22.30,93.50,6.80,16:58:33,617.78,37,-80,17,179.00,2.06,CXON
1070,16:58:36,15,F,READY,-0.30,N,N,N,22.30,93.50,6.80,16:58:34,618.08,37,-80,17,179.00,2.06,CXON
1070,16:58:37,16,F,READY,-0.30,N,N,N,22.30,93.50,6.70,16:58:35,618.32,37,-80,17,179.00,2.06,CXON
1070,16:58:38,17,F,READY,-0.30,N,N,N,22.30,93.50,6.70,16:58:36,618.67,37,-80,17,179.00,2.06,CXON
1070,16:58:39,18,F,READY,-0.30,N,N,N,22.30,93.50,6.70,16:58:37,618.76,37,-80,17,179.00,2.12,CXON
1070,16:58:40,19,F,READY,-0.40,N,N,N,22.30,93.50,6.80,16:58:38,618.66,37,-80,18,179.00,2.06,CXON
1070,16:58:41,20,F,READY,-0.40,N,N,N,22.30,93.50,6.80,16:58:39,618.66,37,-80,18,179.00,2.06,CXON
1070,16:58:42,21,F,READY,-0.30,N,N,N,22.30,93.50,6.80,16:58:40,618.26,37,-80,18,179.00,2.06,CXON
1070,16:58:43,22,F,READY,-0.30,N,N,N,22.30,93.50,6.80,16:58:41,618.08,37,-80,18,179.00,2.06,CXON
1070,16:58:44,23,F,READY,-0.10,N,N,N,22.30,93.50,6.80,16:58:42,618.34,37,-80,18,179.00,2.06,CXON
1070,16:58:45,24,F,READY,-0.20,N,N,N,22.30,93.50,6.80,16:58:43,618.69,37,-80,17,179.00,2.06,CXON
1070,16:58:46,25,F,READY,-0.20,N,N,N,22.30,93.50,6.80,16:58:44,619.20,37,-80,17,179.00,2.06,CXON
1070,16:58:47,26,F,READY,-0.30,N,N,N,22.30,93.50,6.80,16:58:45,619.34,37,-80,17,179.00,2.06,CXON
1070,16:58:48,27,F,READY,-0.30,N,N,N,22.30,93.50,6.80,16:58:46,619.52,37,-80,18,179.00,2.06,CXON
1070,16:58:49,28,F,READY,-0.30,N,N,N,22.30,93.50,6.80,16:58:47,619.48,37,-80,18,179.00,2.06,CXON
1070,16:58:50,29,F,READY,-0.30,N,N,N,22.30,93.50,6.80,16:58:48,619.92,37,-80,18,179.00,2.06,CXON
1070,16:58:51,30,F,READY,-0.30,N,N,N,22.30,93.50,6.80,16:58:49,620.16,37,-80,17,179.00,2.06,CXON
1070,16:58:52,31,F,READY,-0.30,N,N,N,22.30,93.50,6.80,16:58:50,620.14,37,-80,16,179.00,2.06,CXON
1070,16:58:53,32,F,READY,-0.20,N,N,N,22.40,93.50,6.80,16:58:51,620.02,37,-80,16,179.00,2.06,CXON
1070,16:58:54,33,F,READY,-0.30,N,N,N,22.40,93.50,6.80,16:58:52,619.81,37,-80,17,179.00,2.06,CXON
1070,16:58:55,34,F,READY,-0.30,N,N,N,22.40,93.50,6.80,16:58:53,619.69,37,-80,17,179.00,2.06,CXON
1070,16:58:56,35,F,READY,-0.30,N,N,N,22.40,93.50,6.80,16:58:54,619.52,37,-80,16,179.00,2.06,CXON
1070,16:58:57,36,F,READY,-0.40,N,N,N,22.40,93.50,6.80,16:58:55,619.26,37,-80,16,179.00,2.06,CXON
1070,16:58:58,37,F,READY,-0.50,N,N,N,22.40,93.50,6.80,16:58:56,618.97,37,-80,17,179.12,2.00,CXON
1070,16:58:59,38,F,READY,-0.50,N,N,N,22.40,93.50,6.80,16:58:57,618.77,37,-80,17,179.44,2.00,CXON
1070,16:59:00,39,F,READY,-0.40,N,N,N,22.40,93.50,6.90,16:58:58,619.03,37,-80,17,179.31,2.19,CXON
1070,16:59:01,40,F,READY,-0.30,N,N,N,22.40,93.50,6.80,16:58:59,619.04,37,-80,17,179.38,2.19,CXON
1070,16:59:02,41,F,READY,-0.30,N,N,N,22.40,93.50,6.80,16:59:0,618.88,37,-80,17,-143.00,9.63,CXON
1070,16:59:03,42,F,READY,-0.30,N,N,N,22.40,93.50,6.80,16:59:1,618.83,37,-80,17,-140.37,9.50,CXON
1070,17:10:09,1,F,READY,0.00,N,N,N,21.70,93.50,0.30,17:10:7,622.73,211,-1100,14,-177.19,6.06,CXON
1070,17:10:10,2,F,READY,0.10,N,N,N,21.70,93.50,6.70,17:10:8,617.07,211,-1100,14,-177.19,6.06,CXON
1070,17:10:11,3,F,READY,0.10,N,N,N,21.60,93.50,6.70,17:10:9,617.21,211,-1100,14,-177.19,6.06,CXON
1070,17:10:12,4,F,READY,0.10,N,N,N,21.60,93.50,6.70,17:10:10,617.52,211,-1100,14,-177.19,6.06,CXON
1070,17:10:13,5,F,READY,0.10,N,N,N,21.50,93.50,6.70,17:10:11,617.67,211,-1100,14,-177.19,6.06,CXON
1070,17:10:14,6,F,READY,0.10,N,N,N,21.50,93.50,6.80,17:10:12,617.71,211,-1100,14,-177.19,6.06,CXON
1070,17:10:15,7,F,READY,0.00,N,N,N,21.50,93.50,6.70,17:10:13,617.67,211,-1100,14,-177.19,6.06,CXON
1070,17:10:16,8,F,READY,0.10,N,N,N,21.50,93.50,6.70,17:10:14,617.61,211,-1100,14,-177.19,6.06,CXON
1070,17:10:17,9,F,READY,0.00,N,N,N,21.50,93.50,6.70,17:10:15,617.49,211,-1100,14,-177.19,6.06,CXON
1070,17:10:18,10,F,READY,0.00,N,N,N,21.50,93.50,6.70,17:10:16,617.45,211,-1100,14,-177.19,6.06,CXON
1070,17:10:19,11,F,READY,0.00,N,N,N,21.50,93.50,6.70,17:10:17,617.77,211,-1100,14,-177.19,6.06,CXON
1070,17:10:20,12,F,READY,0.10,N,N,N,21.50,93.50,6.70,17:10:18,617.76,211,-1100,14,-177.19,6.06,CXON
1070,17:11:07,59,F,READY,-0.30,N,N,N,21.80,93.50,6.70,17:11:5,616.40,211,-1100,16,179.75,2.62,CXON
1070,17:11:08,60,F,READY,-0.20,N,N,N,21.80,93.50,6.70,17:11:6,616.50,211,-1100,16,179.81,2.69,CXON
1070,17:11:09,61,F,READY,-0.10,N,N,N,21.80,93.50,6.60,17:11:7,616.51,211,-1100,16,179.75,2.81,CXON
1070,17:11:10,62,F,READY,0.00,N,N,N,21.80,93.50,6.60,17:11:8,616.38,211,-1100,16,179.75,2.81,CXON
1070,17:11:11,63,F,READY,0.10,N,N,N,21.80,93.50,6.50,17:11:9,616.24,211,-1100,16,179.69,2.75,CXON
1070,17:11:12,64,F,READY,0.20,N,N,N,21.80,93.50,6.70,17:11:10,616.19,211,-1100,16,179.56,2.75,CXON
1070,17:11:13,65,F,READY,0.30,N,N,N,21.80,93.50,6.70,17:11:11,616.19,211,-1100,17,179.56,2.75,CXON
1070,17:11:14,66,F,READY,0.50,N,N,N,21.80,93.50,6.70,17:11:12,616.32,211,-1100,17,179.56,2.75,CXON
1070,17:11:15,67,F,READY,0.60,N,N,N,21.80,93.50,6.70,17:11:13,616.46,211,-1100,16,179.56,2.75,CXON
1070,17:11:16,68,F,READY,0.60,N,N,N,21.80,93.50,6.70,17:11:14,616.79,211,-1100,17,179.56,2.75,CXON
1070,00:00:15,1,F,READY,0.20,N,N,N,24.70,93.60,0.00,0:0:15,0.00,0.0000,0.0000,0,-144.75,7.50,CXON
1070,00:00:16,2,F,READY,0.20,N,N,N,24.70,93.60,0.20,0:0:16,0.00,0.0000,0.0000,0,-144.75,7.50,CXON
1070,00:00:17,3,F,READY,0.20,N,N,N,24.70,93.60,0.30,0:0:17,0.00,0.0000,0.0000,0,-144.75,7.50,CXON
1070,00:00:18,4,F,READY,0.20,N,N,N,24.70,93.60,0.10,0:0:18,0.00,0.0000,0.0000,0,-144.75,7.50,CXON
1070,00:00:19,5,F,READY,0.20,N,N,N,24.70,93.60,0.10,0:0:19,0.00,0.0000,0.0000,0,-145.19,7.44,CXON
1070,00:00:20,6,F,READY,0.20,N,N,N,24.70,93.60,0.10,0:0:20,0.00,0.0000,0.0000,0,-146.06,7.62,CXON
1070,00:00:21,7,F,READY,0.20,N,N,N,24.70,93.60,0.80,0:0:21,0.00,0.0000,0.0000,0,-176.37,6.75,CXON
1070,00:00:22,8,F,READY,0.20,N,N,N,24.70,93.60,1.20,0:0:22,0.00,0.0000,0.0000,0,-144.94,7.37,CXON
1070,00:00:23,9,F,READY,0.10,N,N,N,24.70,93.60,1.50,0:0:23,0.00,0.0000,0.0000,0,-176.25,6.00,CXON
1070,00:00:24,10,F,READY,0.10,N,N,N,24.70,93.60,1.30,0:0:24,0.00,0.0000,0.0000,0,-176.50,5.62,CXON
1070,00:00:25,11,F,READY,0.10,N,N,N,24.70,93.60,1.30,0:0:25,0.00,0.0000,0.0000,0,-176.19,6.50,CXON
1070,00:00:26,12,F,READY,0.00,N,N,N,24.70,93.60,1.20,0:0:26,0.00,0.0000,0.0000,0,-176.44,5.94,CXON
1070,00:00:27,13,F,READY,0.10,N,N,N,24.70,93.60,1.30,0:0:27,0.00,0.0000,0.0000,0,-176.56,5.62,CXON
1070,00:00:28,14,F,READY,0.10,N,N,N,24.70,93.60,1.30,0:0:28,0.00,0.0000,0.0000,0,-176.81,5.12,CXON
1070,00:00:29,15,F,READY,0.20,N,N,N,24.70,93.60,0.80,0:0:29,0.00,0.0000,0.0000,0,-177.56,4.87,CXON
1070,00:00:30,16,F,READY,0.20,N,N,N,24.70,93.60,0.90,0:0:30,0.00,0.0000,0.0000,0,-176.75,5.62,CXON
1070,00:00:31,17,F,READY,0.10,N,N,N,24.70,93.60,0.90,0:0:31,0.00,0.0000,0.0000,0,-176.75,5.19,CXON
1070,00:00:32,18,F,READY,0.20,N,N,N,24.70,93.60,0.90,0:0:32,0.00,0.0000,0.0000,0,-176.87,5.31,CXON
1070,00:00:33,19,F,READY,0.20,N,N,N,24.70,93.60,0.40,0:0:33,0.00,0.0000,0.0000,0,-176.75,6.00,CXON
1070,00:00:34,20,F,READY,0.20,N,N,N,24.70,93.60,1.10,0:0:34,0.00,0.0000,0.0000,0,-177.06,5.37,CXON
1070,00:00:35,21,F,READY,0.30,N,N,N,24.70,93.60,1.10,0:0:35,0.00,0.0000,0.0000,0,-177.00,5.44,CXON
1070,00:00:36,22,F,READY,0.30,N,N,N,24.70,93.60,0.90,0:0:36,0.00,0.0000,0.0000,0,-176.87,5.44,CXON
1070,00:00:37,23,F,READY,0.30,N,N,N,24.70,93.60,0.90,0:0:37,0.00,0.0000,0.0000,0,-176.87,5.44,CXON
1070,00:00:38,24,F,READY,0.10,N,N,N,24.70,93.60,0.90,0:0:38,0.00,0.0000,0.0000,0,-176.87,5.44,CXON
1070,00:00:39,25,F,READY,0.20,N,N,N,24.70,93.60,0.90,0:0:39,0.00,0.0000,0.0000,0,-176.87,5.37,CXON
1070,00:00:40,26,F,READY,0.20,N,N,N,24.70,93.60,0.90,0:0:40,0.00,0.0000,0.0000,0,-176.87,5.37,CXON
1070,00:00:41,27,F,READY,0.20,N,N,N,24.70,93.60,0.90,0:0:41,0.00,0.0000,0.0000,0,-176.87,5.37,CXON
1070,00:00:42,28,F,READY,0.20,N,N,N,24.70,93.60,0.00,0:0:42,0.00,0.0000,0.0000,0,-176.44,6.19,CXON
1070,00:00:02,28,F,READY,0.10,N,N,N,24.80,93.60,0.00,0:0:2,0.00,0.0000,0.0000,0,-149.75,7.44,CXON
1070,00:00:03,29,F,READY,0.10,N,N,N,24.80,93.60,0.90,0:0:3,0.00,0.0000,0.0000,0,-146.50,7.19,CXON
1070,00:00:04,30,F,READY,0.20,N,N,N,24.80,93.60,0.00,0:0:4,0.00,0.0000,0.0000,0,-105.63,17.37,CXON
1070,00:00:05,31,F,READY,0.20,N,N,N,24.80,93.60,0.00,0:0:5,0.00,0.0000,0.0000,0,-143.13,10.13,CXON
1070,00:00:06,32,F,READY,0.40,N,N,N,24.80,93.60,0.00,0:0:6,0.00,0.0000,0.0000,0,-169.56,10.25,CXON
1070,00:00:07,33,F,READY,0.50,N,N,N,24.80,93.60,0.00,0:0:7,0.00,0.0000,0.0000,0,-164.06,8.69,CXON
1070,00:00:08,34,F,READY,0.60,N,N,N,24.80,93.60,0.00,0:0:8,0.00,0.0000,0.0000,0,-163.50,8.50,CXON
1070,00:00:09,35,F,READY,0.50,N,N,N,24.80,93.60,0.00,0:0:9,0.00,0.0000,0.0000,0,-4.44,4.50,CXON
1070,00:00:10,36,F,READY,0.60,N,N,N,24.80,93.60,0.00,0:0:10,0.00,0.0000,0.0000,0,-175.50,4.50,CXON
1070,00:00:11,37,F,READY,0.50,N,N,N,24.80,93.60,0.00,0:0:11,0.00,0.0000,0.0000,0,-106.75,11.06,CXON
1070,00:00:12,38,F,READY,0.60,N,N,N,24.80,93.60,0.00,0:0:12,0.00,0.0000,0.0000,0,-124.75,8.75,CXON
1070,00:00:13,39,F,READY,0.50,N,N,N,24.80,93.60,0.10,0:0:13,0.00,0.0000,0.0000,0,-107.81,8.69,CXON
1070,00:00:14,40,F,READY,0.50,N,N,N,24.80,93.60,0.00,0:0:14,0.00,0.0000,0.0000,0,-0.06,4.31,CXON
1070,00:00:15,41,F,READY,0.40,N,N,N,24.80,93.60,0.00,0:0:15,0.00,0.0000,0.0000,0,0.44,6.00,CXON
1070,00:00:16,42,F,READY,0.40,N,N,N,24.80,93.60,0.00,0:0:16,0.00,0.0000,0.0000,0,-2.37,3.25,CXON
1070,00:00:17,43,F,READY,0.40,N,N,N,24.80,93.60,0.00,0:0:17,0.00,0.0000,0.0000,0,-1.81,2.69,CXON
1070,00:00:18,44,F,READY,0.40,N,N,N,24.80,93.60,0.00,0:0:18,0.00,0.0000,0.0000,0,-3.06,3.81,CXON
1070,00:00:19,45,F,READY,0.40,N,N,N,24.80,93.60,0.00,0:0:19,0.00,0.0000,0.0000,0,-2.75,6.00,CXON
1070,00:00:20,46,F,READY,0.40,N,N,N,24.90,93.60,0.00,0:0:20,0.00,0.0000,0.0000,0,179.44,4.31,CXON
1070,00:00:21,47,F,READY,0.40,N,N,N,24.90,93.60,0.00,0:0:21,0.00,0.0000,0.0000,0,178.06,5.06,CXON
1070,00:00:22,48,F,READY,0.40,N,N,N,24.90,93.60,0.00,0:0:22,0.00,0.0000,0.0000,0,-179.63,5.12,CXON
1070,00:00:23,49,F,READY,0.30,N,N,N,24.90,93.60,0.00,0:0:23,0.00,0.0000,0.0000,0,-178.44,4.56,CXON
1070,00:00:24,50,F,READY,0.40,N,N,N,24.90,93.60,0.00,0:0:24,0.00,0.0000,0.0000,0,-177.25,5.37,CXON
1070,00:00:25,51,F,READY,0.50,N,N,N,24.90,93.60,0.00,0:0:25,0.00,0.0000,0.0000,0,-177.44,6.06,CXON
1070,00:00:26,52,F,READY,0.40,N,N,N,24.90,93.60,0.00,0:0:26,0.00,0.0000,0.0000,0,179.94,5.87,CXON
1070,00:00:27,53,F,READY,0.30,N,N,N,24.90,93.60,0.00,0:0:27,0.00,0.0000,0.0000,0,-179.81,5.37,CXON
1070,00:00:28,54,F,READY,0.20,N,N,N,24.90,93.60,0.00,0:0:28,0.00,0.0000,0.0000,0,-178.25,3.87,CXON
1070,00:00:29,55,F,READY,0.30,N,N,N,24.90,93.60,0.00,0:0:29,0.00,0.0000,0.0000,0,-3.87,4.00,CXON
1070,00:00:30,56,F,READY,0.30,N,N,N,24.90,93.60,0.00,0:0:30,0.00,0.0000,0.0000,0,12.06,7.50,CXON
1070,00:00:31,57,F,READY,0.30,N,N,N,25.00,93.60,0.00,0:0:31,0.00,0.0000,0.0000,0,0.00,5.75,CXON
1070,00:00:32,58,F,READY,0.40,N,N,N,25.00,93.60,0.00,0:0:32,0.00,0.0000,0.0000,0,1.75,4.69,CXON
1070,00:00:33,59,F,READY,0.40,N,N,N,25.00,93.60,0.00,0:0:33,0.00,0.0000,0.0000,0,-0.25,3.19,CXON
1070,00:00:34,60,F,READY,0.40,N,N,N,25.00,93.60,0.00,0:0:34,0.00,0.0000,0.0000,0,-1.31,1.37,CXON
1070,00:00:35,61,F,READY,0.40,N,N,N,25.00,93.60,0.00,0:0:35,0.00,0.0000,0.0000,0,-0.50,3.56,CXON
1070,00:00:36,62,F,READY,0.30,N,N,N,25.00,93.60,0.00,0:0:36,0.00,0.0000,0.0000,0,-4.25,5.50,CXON
1070,00:00:37,63,F,READY,0.30,N,N,N,25.00,93.60,0.00,0:0:37,0.00,0.0000,0.0000,0,5.19,5.31,CXON
1070,00:00:38,64,F,READY,0.20,N,N,N,25.00,93.60,0.00,0:0:38,0.00,0.0000,0.0000,0,-1.37,1.69,CXON
1070,00:00:39,65,F,READY,0.20,N,N,N,25.00,93.60,0.00,0:0:39,0.00,0.0000,0.0000,0,178.44,1.81,CXON
1070,00:00:40,66,F,READY,0.20,N,N,N,25.00,93.60,0.00,0:0:40,0.00,0.0000,0.0000,0,144.56,11.63,CXON
1070,00:00:41,67,F,READY,0.20,N,N,N,25.10,93.60,0.60,0:0:41,0.00,0.0000,0.0000,0,125.50,18.31,CXON
1070,00:00:42,68,F,READY,0.20,N,N,N,25.10,93.60,0.40,0:0:42,0.00,0.0000,0.0000,0,127.12,18.00,CXON
1070,00:00:43,69,F,READY,0.20,N,N,N,25.10,93.60,0.60,0:0:43,0.00,0.0000,0.0000,0,135.06,16.62,CXON
1070,00:00:44,70,F,READY,0.20,N,N,N,25.10,93.60,0.60,0:0:44,0.00,0.0000,0.0000,0,133.12,13.44,CXON
1070,00:00:45,71,F,READY,0.30,N,N,N,25.10,93.60,0.70,0:0:45,0.00,0.0000,0.0000,0,132.94,14.81,CXON
1070,00:00:46,72,F,READY,0.30,N,N,N,25.10,93.60,0.60,0:0:46,0.00,0.0000,0.0000,0,151.44,12.31,CXON
1070,00:00:47,73,F,READY,0.40,N,N,N,25.10,93.60,1.30,0:0:47,0.00,0.0000,0.0000,0,165.25,8.06,CXON
1070,00:00:48,74,F,READY,0.40,N,N,N,25.10,93.60,0.00,0:0:48,0.00,0.0000,0.0000,0,-177.75,2.44,CXON
1070,00:00:49,75,F,READY,0.40,N,N,N,25.10,93.60,0.00,0:0:49,0.00,0.0000,0.0000,0,-18.31,8.25,CXON
1070,00:00:50,76,F,READY,0.40,N,N,N,25.10,93.60,0.00,0:0:50,0.00,0.0000,0.0000,0,12.94,7.94,CXON
1070,00:00:51,77,F,READY,0.40,N,N,N,25.10,93.60,0.00,0:0:51,0.00,0.0000,0.0000,0,-20.75,6.94,CXON
1070,00:00:52,78,F,READY,0.20,N,N,N,25.10,93.60,0.00,0:0:53,0.00,0.0000,0.0000,0,-3.44,5.94,CXON
1070,00:00:53,79,F,READY,0.20,N,N,N,25.10,93.60,0.00,0:0:53,0.00,0.0000,0.0000,0,-23.44,9.31,CXON
1070,00:00:54,80,F,READY,0.10,N,N,N,25.10,93.60,0.00,0:0:54,0.00,0.0000,0.0000,0,-166.75,14.69,CXON
1070,00:00:55,81,F,READY,0.00,N,N,N,25.10,93.60,0.00,0:0:55,0.00,0.0000,0.0000,0,-176.75,6.25,CXON
1070,00:00:56,82,F,READY,0.00,N,N,N,25.20,93.60,0.00,0:0:56,0.00,0.0000,0.0000,0,-143.87,7.25,CXON
1070,00:00:57,83,F,READY,-0.20,N,N,N,25.20,93.60,0.00,0:0:57,0.00,0.0000,0.0000,0,-176.25,5.94,CXON
1070,00:00:58,84,F,READY,-0.10,N,N,N,25.20,93.60,0.00,0:0:58,0.00,0.0000,0.0000,0,-175.87,6.56,CXON
1070,00:00:59,85,F,READY,-0.10,N,N,N,25.20,93.60,0.00,0:0:59,0.00,0.0000,0.0000,0,-141.75,7.00,CXON
1070,00:01:00,86,F,READY,-0.20,N,N,N,25.20,93.60,0.00,0:1:0,0.00,0.0000,0.0000,0,-141.69,7.00,CXON
1070,00:01:01,87,F,READY,-0.20,N,N,N,25.20,93.60,0.00,0:1:1,0.00,0.0000,0.0000,0,-141.81,7.19,CXON
1070,00:01:02,88,F,READY,-0.10,N,N,N,25.20,93.60,0.00,0:1:2,0.00,0.0000,0.0000,0,-142.13,7.37,CXON
1070,00:01:03,89,F,READY,-0.10,N,N,N,25.20,93.60,0.00,0:1:3,0.00,0.0000,0.0000,0,-142.25,7.69,CXON
1070,00:01:04,90,F,READY,-0.10,N,N,N,25.20,93.60,0.00,0:1:4,0.00,0.0000,0.0000,0,-143.69,7.75,CXON
1070,00:01:05,91,F,READY,0.00,N,N,N,25.20,93.60,0.00,0:1:5,0.00,0.0000,0.0000,0,-143.19,7.69,CXON
1070,00:01:06,92,F,READY,0.00,N,N,N,25.20,93.60,0.00,0:1:6,0.00,0.0000,0.0000,0,-144.13,8.06,CXON
1070,00:01:07,93,F,READY,0.00,N,N,N,25.30,93.60,0.00,0:1:7,0.00,0.0000,0.0000,0,-143.87,8.00,CXON
1070,00:01:08,94,F,READY,0.00,N,N,N,25.30,93.60,0.00,0:1:8,0.00,0.0000,0.0000,0,-144.19,8.13,CXON
1070,00:00:02,157,S,LANDED,0.00,P,C,M,28.80,0.00,0.00,0:0:2,0.00,0.0000,0.0000,0,-178.87,5.19,SIMP
1070,00:00:01,157,S,LANDED,0.00,P,C,M,26.20,0.00,0.00,0:0:2,0.00,0.0000,0.0000,0,-3.00,86.75,SIMP
1070,00:00:13,1,F,READY,0.00,N,N,N,27.10,93.70,0.00,0:0:13,0.00,0.0000,0.0000,0,-153.00,7.56,CXON
1070,00:00:14,2,F,READY,-0.10,N,N,N,27.10,93.70,0.10,0:0:14,0.00,0.0000,0.0000,0,-153.19,7.62,CXON
1070,00:00:15,3,F,READY,-0.10,N,N,N,27.10,93.70,0.00,0:0:15,0.00,0.0000,0.0000,0,-153.31,7.75,CXON
1070,00:00:16,4,F,READY,-0.10,N,N,N,27.10,93.70,0.10,0:0:16,0.00,0.0000,0.0000,0,-153.25,8.50,CXON
1070,00:00:17,5,F,READY,0.00,N,N,N,27.10,93.70,0.00,0:0:17,0.00,0.0000,0.0000,0,-153.12,7.19,CXON
1070,00:00:18,6,F,READY,-0.10,N,N,N,27.10,93.70,0.00,0:0:18,0.00,0.0000,0.0000,0,-177.62,4.56,CXON
1070,00:00:19,7,F,READY,-0.20,N,N,N,27.10,93.70,0.00,0:0:19,0.00,0.0000,0.0000,0,-177.44,4.87,CXON
1070,00:00:20,8,F,READY,-0.10,N,N,N,27.10,93.70,0.10,0:0:20,0.00,0.0000,0.0000,0,-150.25,6.94,CXON
1070,00:00:21,9,F,READY,-0.20,N,N,N,27.10,93.70,0.00,0:0:21,0.00,0.0000,0.0000,0,-151.00,7.19,CXON
1070,00:00:22,10,F,READY,-0.30,N,N,N,27.10,93.70,0.30,0:0:22,0.00,0.0000,0.0000,0,-178.19,4.81,CXON
1070,00:00:23,11,F,READY,-0.30,N,N,N,27.10,93.70,0.10,0:0:23,0.00,0.0000,0.0000,0,-177.75,5.06,CXON
1070,00:00:24,12,F,READY,-0.30,N,N,N,27.10,93.70,0.20,0:0:24,0.00,0.0000,0.0000,0,-177.81,5.12,CXON
1070,00:00:25,13,F,READY,-0.30,N,N,N,27.10,93.70,0.20,0:0:25,0.00,0.0000,0.0000,0,-177.25,6.50,CXON
1070,00:00:26,14,F,READY,-0.20,N,N,N,27.10,93.70,0.00,0:0:26,0.00,0.0000,0.0000,0,-177.31,6.44,CXON
1070,00:00:27,15,F,READY,-0.20,N,N,N,27.10,93.70,0.00,0:0:27,0.00,0.0000,0.0000,0,-177.50,6.06,CXON
1070,00:00:28,16,F,READY,-0.20,N,N,N,27.10,93.70,0.20,0:0:28,0.00,0.0000,0.0000,0,-177.19,6.81,CXON
1070,00:00:29,17,F,READY,-0.20,N,N,N,27.10,93.70,0.00,0:0:29,0.00,0.0000,0.0000,0,-178.44,4.19,CXON
1070,00:00:30,18,F,READY,-0.20,N,N,N,27.10,93.70,0.00,0:0:30,0.00,0.0000,0.0000,0,-178.31,4.75,CXON
1070,00:00:31,19,F,READY,-0.20,N,N,N,27.10,93.70,0.00,0:0:31,0.00,0.0000,0.0000,0,-172.75,8.63,CXON
1070,00:00:32,20,F,READY,-0.30,N,N,N,27.10,93.70,0.00,0:0:32,0.00,0.0000,0.0000,0,-178.31,4.19,CXON
1070,00:00:33,21,F,READY,-0.20,N,N,N,27.10,93.70,0.00,0:0:33,0.00,0.0000,0.0000,0,-177.87,4.69,CXON
1070,00:00:33,22,F,READY,-0.20,N,N,N,27.10,93.70,0.00,0:0:34,0.00,0.0000,0.0000,0,-177.87,4.37,CXON
1070,00:00:34,23,F,READY,-0.20,N,N,N,27.10,93.70,0.00,0:0:35,0.00,0.0000,0.0000,0,-177.44,5.44,CXON
1070,00:00:35,24,F,READY,-0.20,N,N,N,27.10,93.70,0.00,0:0:36,0.00,0.0000,0.0000,0,-177.56,5.31,CXON
1070,00:00:36,25,F,READY,-0.10,N,N,N,27.10,93.70,0.00,0:0:37,0.00,0.0000,0.0000,0,-140.94,14.25,CXON
1070,00:00:37,26,F,READY,-0.10,N,N,N,27.10,93.70,0.00,0:0:38,0.00,0.0000,0.0000,0,-150.44,17.12,CXON
1070,00:00:38,27,F,READY,-0.20,N,N,N,27.10,93.70,0.00,0:0:39,0.00,0.0000,0.0000,0,-150.19,14.50,CXON
1070,00:00:39,28,F,READY,-0.20,N,N,N,27.10,93.70,0.00,0:0:40,0.00,0.0000,0.0000,0,-152.44,12.63,CXON
1070,00:00:40,29,F,READY,-0.20,N,N,N,27.10,93.70,0.00,0:0:41,0.00,0.0000,0.0000,0,-152.87,12.50,CXON
1070,00:00:41,30,F,READY,-0.20,N,N,N,27.00,93.70,0.00,0:0:42,0.00,0.0000,0.0000,0,-155.06,12.19,CXON
1070,00:00:42,31,F,READY,-0.30,N,N,N,27.00,93.70,0.00,0:0:43,0.00,0.0000,0.0000,0,-155.69,12.50,CXON
1070,00:00:43,32,F,READY,-0.40,N,N,N,27.00,93.70,0.00,0:0:44,0.00,0.0000,0.0000,0,-154.87,9.50,CXON
1070,00:00:44,33,F,READY,-0.30,N,N,N,27.00,93.70,0.00,0:0:45,0.00,0.0000,0.0000,0,-155.19,9.44,CXON
1070,00:00:45,34,F,READY,-0.30,N,N,N,27.00,93.70,0.10,0:0:46,0.00,0.0000,0.0000,0,-153.69,9.06,CXON
1070,00:00:46,35,F,READY,-0.20,N,N,N,27.00,93.70,0.10,0:0:47,0.00,0.0000,0.0000,0,-154.44,9.06,CXON
1070,00:00:47,36,F,READY,-0.20,N,N,N,27.00,93.70,0.10,0:0:48,0.00,0.0000,0.0000,0,-154.31,9.44,CXON
1070,00:00:48,37,F,READY,-0.20,N,N,N,27.00,93.70,0.10,0:0:49,0.00,0.0000,0.0000,0,-155.81,8.94,CXON
1070,00:00:49,38,F,READY,-0.20,N,N,N,27.00,93.70,0.10,0:0:50,0.00,0.0000,0.0000,0,-155.81,8.75,CXON
1070,00:00:50,39,F,READY,-0.10,N,N,N,27.00,93.70,0.00,0:0:51,0.00,0.0000,0.0000,0,-156.12,9.13,CXON
1070,00:00:51,40,F,READY,-0.10,N,N,N,27.00,93.70,0.10,0:0:52,0.00,0.0000,0.0000,0,-155.06,9.88,CXON
1070,00:00:52,41,F,READY,-0.20,N,N,N,27.00,93.70,0.00,0:0:53,0.00,0.0000,0.0000,0,-156.56,9.25,CXON
1070,00:00:53,42,F,READY,-0.20,N,N,N,27.00,93.70,0.10,0:0:54,0.00,0.0000,0.0000,0,-156.19,8.06,CXON
1070,00:00:54,43,F,READY,-0.30,N,N,N,27.00,93.70,0.00,0:0:55,0.00,0.0000,0.0000,0,-152.62,9.38,CXON
1070,00:00:55,44,F,READY,-0.20,N,N,N,27.00,93.70,0.10,0:0:56,0.00,0.0000,0.0000,0,-156.00,9.56,CXON
1070,00:00:56,45,F,READY,-0.20,N,N,N,27.00,93.70,0.00,0:0:57,0.00,0.0000,0.0000,0,-155.75,9.56,CXON
1070,00:00:57,46,F,READY,-0.30,N,N,N,27.00,93.70,0.10,0:0:58,0.00,0.0000,0.0000,0,-155.75,9.25,CXON
1070,00:00:59,47,F,READY,-0.20,N,N,N,27.00,93.70,0.00,0:0:59,0.00,0.0000,0.0000,0,-156.56,8.75,CXON
1070,00:01:00,48,F,READY,-0.20,N,N,N,27.00,93.70,0.10,0:1:0,0.00,0.0000,0.0000,0,-157.19,9.13,CXON
1070,00:01:01,49,F,READY,-0.20,N,N,N,27.00,93.70,0.00,0:1:1,0.00,0.0000,0.0000,0,-155.44,8.69,CXON
1070,00:01:02,50,F,READY,-0.20,N,N,N,27.00,93.70,0.00,0:1:2,0.00,0.0000,0.0000,0,-156.31,7.75,CXON
1070,00:01:03,51,F,READY,-0.20,N,N,N,27.00,93.70,0.00,0:1:3,0.00,0.0000,0.0000,0,-157.25,7.56,CXON
1070,00:01:04,52,F,READY,-0.10,N,N,N,27.00,93.70,0.00,0:1:4,0.00,0.0000,0.0000,0,-158.69,7.25,CXON
1070,00:01:05,53,F,READY,-0.30,N,N,N,27.00,93.70,0.00,0:1:5,0.00,0.0000,0.0000,0,-156.12,9.81,CXON
1070,00:01:06,54,F,READY,-0.20,N,N,N,27.00,93.70,0.00,0:1:6,0.00,0.0000,0.0000,0,-156.87,7.94,CXON
1070,00:01:07,55,F,READY,-0.20,N,N,N,27.00,93.70,0.00,0:1:7,0.00,0.0000,0.0000,0,-155.37,8.25,CXON
1070,00:01:08,56,F,READY,-0.30,N,N,N,27.00,93.70,0.00,0:1:8,0.00,0.0000,0.0000,0,-156.00,8.25,CXON
1070,00:01:09,57,F,READY,-0.20,N,N,N,27.00,93.70,0.00,0:1:9,0.00,0.0000,0.0000,0,-155.12,9.44,CXON
1070,00:01:10,58,F,READY,-0.20,N,N,N,27.00,93.70,0.00,0:1:10,0.00,0.0000,0.0000,0,-157.12,8.00,CXON
1070,00:01:11,59,F,READY,-0.20,N,N,N,27.00,93.70,0.00,0:1:11,0.00,0.0000,0.0000,0,-156.94,8.31,CXON
1070,00:01:12,60,F,READY,-0.20,N,N,N,27.00,93.70,0.00,0:1:12,0.00,0.0000,0.0000,0,-177.62,5.44,CXON
1070,00:01:13,61,F,READY,-0.20,N,N,N,27.00,93.70,0.00,0:1:13,0.00,0.0000,0.0000,0,-176.69,6.37,CXON
1070,00:01:14,62,F,READY,-0.10,N,N,N,27.00,93.70,0.00,0:1:14,0.00,0.0000,0.0000,0,-176.87,5.81,CXON
1070,00:01:15,63,F,READY,-0.10,N,N,N,27.00,93.70,0.00,0:1:15,0.00,0.0000,0.0000,0,-177.19,4.81,CXON
1070,00:01:16,64,F,READY,-0.20,N,N,N,27.00,93.70,0.00,0:1:16,0.00,0.0000,0.0000,0,-177.06,4.94,CXON
1070,00:01:17,65,F,READY,-0.20,N,N,N,27.00,93.70,0.00,0:1:17,0.00,0.0000,0.0000,0,-177.44,5.00,CXON
1070,00:01:18,66,F,READY,-0.10,N,N,N,27.00,93.70,0.00,0:1:18,0.00,0.0000,0.0000,0,-178.31,4.37,CXON
1070,00:01:19,67,F,READY,-0.20,N,N,N,27.00,93.70,0.00,0:1:19,0.00,0.0000,0.0000,0,-176.94,4.81,CXON
1070,00:01:20,68,F,READY,-0.20,N,N,N,27.00,93.70,0.00,0:1:20,0.00,0.0000,0.0000,0,-177.31,4.56,CXON
1070,00:01:21,69,F,READY,-0.20,N,N,N,27.00,93.70,0.00,0:1:21,0.00,0.0000,0.0000,0,-178.81,2.37,CXON
1070,00:01:22,70,F,READY,-0.30,N,N,N,27.00,93.70,0.00,0:1:22,0.00,0.0000,0.0000,0,-179.38,2.50,CXON
1070,00:01:23,71,F,READY,-0.20,N,N,N,27.00,93.70,0.00,0:1:23,0.00,0.0000,0.0000,0,-178.38,3.19,CXON
1070,00:01:24,72,F,READY,-0.20,N,N,N,27.00,93.70,0.00,0:1:24,0.00,0.0000,0.0000,0,-178.25,3.31,CXON
1070,00:01:25,73,F,READY,-0.10,N,N,N,27.00,93.70,0.00,0:1:25,0.00,0.0000,0.0000,0,-178.25,3.31,CXON
1070,00:01:26,74,F,READY,-0.20,N,N,N,27.00,93.70,0.00,0:1:26,0.00,0.0000,0.0000,0,-178.25,3.31,CXON
1070,00:01:27,75,F,READY,-0.10,N,N,N,27.00,93.70,0.00,0:1:27,0.00,0.0000,0.0000,0,-178.06,3.50,CXON
1070,00:01:28,76,F,READY,-0.20,N,N,N,27.00,93.70,0.00,0:1:28,0.00,0.0000,0.0000,0,-177.69,3.87,CXON
1070,00:01:29,77,F,READY,-0.20,N,N,N,27.00,93.70,0.00,0:1:29,0.00,0.0000,0.0000,0,-178.00,3.62,CXON
1070,00:01:30,78,F,READY,-0.20,N,N,N,27.00,93.70,0.00,0:1:30,0.00,0.0000,0.0000,0,-177.44,4.12,CXON
1070,00:01:31,79,F,READY,-0.30,N,N,N,27.00,93.70,0.00,0:1:31,0.00,0.0000,0.0000,0,-177.75,3.87,CXON
1070,00:01:32,80,F,READY,-0.30,N,N,N,27.00,93.70,0.00,0:1:32,0.00,0.0000,0.0000,0,-177.75,4.37,CXON
1070,00:01:33,81,F,READY,-0.30,N,N,N,27.10,93.70,0.00,0:1:33,0.00,0.0000,0.0000,0,-177.94,3.94,CXON
1070,00:01:34,82,F,READY,-0.40,N,N,N,27.10,93.70,0.00,0:1:34,0.00,0.0000,0.0000,0,-177.94,3.94,CXON
1070,00:01:35,83,F,READY,-0.20,N,N,N,27.10,93.70,0.00,0:1:35,0.00,0.0000,0.0000,0,-177.94,3.94,CXON
1070,00:01:36,84,F,READY,-0.30,N,N,N,27.10,93.70,0.00,0:1:36,0.00,0.0000,0.0000,0,-177.94,3.94,CXON
1070,00:01:36,85,F,READY,-0.30,N,N,N,27.10,93.70,0.00,0:1:37,0.00,0.0000,0.0000,0,-177.94,3.94,CXON
1070,00:01:37,86,F,READY,-0.40,N,N,N,27.10,93.70,0.00,0:1:38,0.00,0.0000,0.0000,0,-178.81,2.75,CXON
1070,00:01:38,87,F,READY,-0.40,N,N,N,27.10,93.70,0.00,0:1:39,0.00,0.0000,0.0000,0,-178.62,2.69,CXON
1070,00:01:39,88,F,READY,-0.30,N,N,N,27.10,93.70,0.00,0:1:40,0.00,0.0000,0.0000,0,-77.00,13.75,CXON
1070,00:01:40,89,F,READY,-0.20,N,N,N,27.10,93.70,0.00,0:1:41,0.00,0.0000,0.0000,0,-69.56,13.31,CXON
1070,00:01:41,90,F,READY,-0.20,N,N,N,27.10,93.70,0.00,0:1:42,0.00,0.0000,0.0000,0,-52.38,14.25,CXON
1070,00:01:42,91,F,READY,-0.20,N,N,N,27.10,93.70,0.00,0:1:43,0.00,0.0000,0.0000,0,-97.00,15.75,CXON
1070,00:01:43,92,F,READY,-0.20,N,N,N,27.10,93.70,0.00,0:1:44,0.00,0.0000,0.0000,0,-123.44,16.87,CXON
1070,00:01:44,93,F,READY,-0.10,N,N,N,27.10,93.70,0.00,0:1:45,0.00,0.0000,0.0000,0,-101.81,17.44,CXON
1070,00:01:45,94,F,READY,-0.10,N,N,N,27.10,93.70,0.00,0:1:46,0.00,0.0000,0.0000,0,-70.19,15.69,CXON
1070,00:01:46,95,F,READY,-0.20,N,N,N,27.10,93.70,0.00,0:1:47,0.00,0.0000,0.0000,0,-115.00,22.69,CXON
1070,00:01:47,96,F,READY,-0.10,N,N,N,27.20,93.70,0.00,0:1:48,0.00,0.0000,0.0000,0,-80.25,23.44,CXON
1070,00:01:48,97,F,READY,-0.10,N,N,N,27.20,93.70,0.00,0:1:49,0.00,0.0000,0.0000,0,-81.19,23.00,CXON
1070,00:01:50,98,F,READY,-0.10,N,N,N,27.20,93.70,0.00,0:1:50,0.00,0.0000,0.0000,0,-118.81,34.00,CXON
1070,00:01:50,99,F,READY,-0.20,N,N,N,27.20,93.70,0.00,0:1:51,0.00,0.0000,0.0000,0,-131.75,43.56,CXON
1070,00:01:51,100,F,READY,-0.30,N,N,N,27.20,93.70,0.00,0:1:52,0.00,0.0000,0.0000,0,-127.69,42.13,CXON
1070,00:01:52,101,F,READY,-0.40,N,N,N,27.20,93.70,0.00,0:1:53,0.00,0.0000,0.0000,0,-111.12,42.69,CXON
1070,00:01:53,102,F,READY,-0.30,N,N,N,27.20,93.70,0.00,0:1:54,0.00,0.0000,0.0000,0,-100.25,41.63,CXON
1070,00:01:54,103,F,READY,-0.30,N,N,N,27.20,93.70,0.00,0:1:55,0.00,0.0000,0.0000,0,-98.50,41.50,CXON
1070,00:01:55,104,F,READY,-0.30,N,N,N,27.20,93.70,0.00,0:1:56,0.00,0.0000,0.0000,0,-118.94,33.38,CXON
1070,00:01:56,105,F,READY,-0.30,N,N,N,27.20,93.70,0.00,0:1:57,0.00,0.0000,0.0000,0,-165.69,9.25,CXON
1070,00:01:57,106,F,READY,-0.20,N,N,N,27.30,93.70,0.00,0:1:58,0.00,0.0000,0.0000,0,-177.38,2.87,CXON
1070,00:01:58,107,F,READY,-0.20,N,N,N,27.30,93.70,0.00,0:1:59,0.00,0.0000,0.0000,0,5.25,6.00,CXON
1070,00:01:59,108,F,READY,-0.30,N,N,N,27.30,93.70,0.00,0:2:0,0.00,0.0000,0.0000,0,39.00,10.31,CXON
1070,00:02:00,109,F,READY,-0.30,N,N,N,27.30,93.70,0.00,0:2:1,0.00,0.0000,0.0000,0,34.56,8.25,CXON
1070,00:02:02,110,F,READY,-0.20,N,N,N,27.30,93.70,0.00,0:2:2,0.00,0.0000,0.0000,0,22.31,10.25,CXON
1070,00:02:03,111,F,READY,-0.30,N,N,N,27.30,93.70,0.00,0:2:3,0.00,0.0000,0.0000,0,7.50,12.06,CXON
1070,00:02:04,112,F,READY,-0.30,N,N,N,27.30,93.70,0.00,0:2:4,0.00,0.0000,0.0000,0,10.88,14.56,CXON
1070,00:02:05,113,F,READY,-0.30,N,N,N,27.30,93.70,0.00,0:2:5,0.00,0.0000,0.0000,0,-0.06,12.06,CXON
1070,00:02:06,114,F,READY,-0.40,N,N,N,27.40,93.70,0.00,0:2:6,0.00,0.0000,0.0000,0,-13.62,7.62,CXON
1070,00:02:07,115,F,READY,-0.40,N,N,N,27.40,93.70,0.00,0:2:7,0.00,0.0000,0.0000,0,-6.19,6.31,CXON
1070,00:02:08,116,F,READY,-0.40,N,N,N,27.40,93.70,0.00,0:2:8,0.00,0.0000,0.0000,0,-36.50,9.75,CXON
1070,00:02:09,117,F,READY,-0.40,N,N,N,27.40,93.70,0.00,0:2:9,0.00,0.0000,0.0000,0,-76.56,9.81,CXON
1070,00:02:10,118,F,READY,-0.40,N,N,N,27.40,93.70,0.00,0:2:10,0.00,0.0000,0.0000,0,-85.50,10.81,CXON
1070,00:02:11,119,F,READY,-0.50,N,N,N,27.40,93.70,0.00,0:2:11,0.00,0.0000,0.0000,0,-92.62,12.50,CXON
1070,00:02:12,120,F,READY,-0.50,N,N,N,27.50,93.70,0.00,0:2:12,0.00,0.0000,0.0000,0,-157.25,16.25,CXON
1070,00:02:13,121,F,READY,-0.50,N,N,N,27.50,93.70,0.00,0:2:13,0.00,0.0000,0.0000,0,-158.00,20.25,CXON
1070,00:02:14,122,F,READY,-0.50,N,N,N,27.50,93.70,0.00,0:2:14,0.00,0.0000,0.0000,0,-156.25,19.12,CXON
1070,00:02:15,123,F,READY,-0.40,N,N,N,27.50,93.70,0.00,0:2:15,0.00,0.0000,0.0000,0,-146.37,22.19,CXON
1070,00:02:16,124,F,READY,-0.40,N,N,N,27.50,93.70,0.00,0:2:16,0.00,0.0000,0.0000,0,-152.94,23.00,CXON
1070,00:02:17,125,F,READY,-0.40,N,N,N,27.50,93.70,0.00,0:2:17,0.00,0.0000,0.0000,0,-143.50,19.06,CXON
1070,00:02:18,126,F,READY,-0.40,N,N,N,27.50,93.70,0.00,0:2:18,0.00,0.0000,0.0000,0,-143.19,20.88,CXON
1070,00:02:19,127,F,READY,-0.30,N,N,N,27.60,93.70,0.00,0:2:19,0.00,0.0000,0.0000,0,-148.38,21.44,CXON
1070,00:02:20,128,F,READY,-0.30,N,N,N,27.60,93.70,0.00,0:2:20,0.00,0.0000,0.0000,0,-149.38,22.56,CXON
1070,00:02:21,129,F,READY,-0.30,N,N,N,27.60,93.70,0.00,0:2:21,0.00,0.0000,0.0000,0,-141.00,20.56,CXON
1070,00:02:22,130,F,READY,-0.30,N,N,N,27.60,93.70,0.00,0:2:22,0.00,0.0000,0.0000,0,-146.62,20.75,CXON
1070,00:02:23,131,F,READY,-0.30,N,N,N,27.60,93.70,0.00,0:2:23,0.00,0.0000,0.0000,0,-139.88,19.44,CXON
1070,00:02:24,132,F,READY,-0.30,N,N,N,27.60,93.70,0.00,0:2:24,0.00,0.0000,0.0000,0,-135.25,19.06,CXON
1070,00:02:25,133,F,READY,-0.40,N,N,N,27.60,93.70,0.00,0:2:25,0.00,0.0000,0.0000,0,-128.25,15.25,CXON
1070,00:02:26,134,F,READY,-0.40,N,N,N,27.70,93.70,0.00,0:2:26,0.00,0.0000,0.0000,0,-126.94,14.69,CXON
1070,00:02:27,135,F,READY,-0.50,N,N,N,27.70,93.70,0.00,0:2:27,0.00,0.0000,0.0000,0,-129.63,15.19,CXON
1070,00:02:28,136,F,READY,-0.40,N,N,N,27.70,93.70,0.00,0:2:28,0.00,0.0000,0.0000,0,-130.06,15.38,CXON
1070,00:02:29,137,F,READY,-0.40,N,N,N,27.70,93.70,0.00,0:2:29,0.00,0.0000,0.0000,0,-128.50,15.00,CXON
1070,00:02:30,138,F,READY,-0.40,N,N,N,27.70,93.70,0.00,0:2:30,0.00,0.0000,0.0000,0,-126.00,14.38,ACTRES
1070,00:02:31,139,F,READY,-0.50,N,N,N,27.70,93.70,0.10,0:2:31,0.00,0.0000,0.0000,0,-135.88,9.50,ACTRES
1070,00:02:32,140,F,READY,-0.50,N,N,N,27.70,93.70,0.00,0:2:32,0.00,0.0000,0.0000,0,9.06,19.19,ACTRES
1070,00:02:33,141,F,READY,-0.60,N,N,N,27.70,93.70,0.00,0:2:33,0.00,0.0000,0.0000,0,2.19,9.56,ACTRES
1070,00:02:34,142,F,READY,-0.70,N,N,N,27.80,93.70,0.00,0:2:34,0.00,0.0000,0.0000,0,1.37,1.50,ACTRES
1070,00:02:35,143,F,READY,-0.60,N,N,N,27.80,93.70,0.00,0:2:35,0.00,0.0000,0.0000,0,4.75,4.87,ACTRES
1070,00:02:36,144,F,READY,-0.50,N,N,N,27.80,93.70,0.10,0:2:36,0.00,0.0000,0.0000,0,5.44,5.50,ACTRES
1070,00:02:37,145,F,READY,-0.40,N,N,N,27.80,93.70,0.00,0:2:37,0.00,0.0000,0.0000,0,2.25,5.44,ACTRES
1070,00:02:38,146,F,READY,-0.40,N,N,N,27.80,93.70,0.00,0:2:38,0.00,0.0000,0.0000,0,-1.25,1.50,ACTRES
1070,00:02:39,147,F,READY,-0.30,P,N,N,27.80,93.70,0.00,0:2:39,0.00,0.0000,0.0000,0,-179.00,1.06,ACTRL1
1070,00:00:03,147,F,READY,-0.60,P,N,N,27.90,93.70,0.00,0:0:2,0.00,0.0000,0.0000,0,124.38,92.75,ACTRL1
1070,00:00:04,148,F,READY,-0.60,P,N,N,27.90,93.70,0.00,0:0:3,0.00,0.0000,0.0000,0,143.94,23.75,ACTRL1
1070,00:00:05,149,F,READY,-0.60,P,N,N,27.90,93.70,0.00,0:0:4,0.00,0.0000,0.0000,0,-179.25,4.69,ACTRL1
1070,00:00:06,150,F,READY,-0.60,P,N,N,27.90,93.70,0.00,0:0:5,0.00,0.0000,0.0000,0,179.12,7.31,ACTRL1
1070,00:00:07,151,F,READY,-0.50,P,N,N,27.90,93.70,0.00,0:0:6,0.00,0.0000,0.0000,0,-177.87,11.81,ACTRL1
1070,00:00:08,152,F,READY,-0.50,P,N,N,27.90,93.70,0.00,0:0:7,0.00,0.0000,0.0000,0,-178.75,2.25,ACTRL1
1070,00:00:09,153,F,READY,-0.60,P,N,N,27.90,93.70,0.00,0:0:8,0.00,0.0000,0.0000,0,-179.87,1.19,ACTRL1
1070,00:00:10,154,F,READY,-0.50,P,N,N,27.90,93.70,0.00,0:0:9,0.00,0.0000,0.0000,0,-0.62,1.00,ACTRL1
1070,00:00:11,155,F,READY,-0.50,P,N,N,27.90,93.70,0.00,0:0:10,0.00,0.0000,0.0000,0,-178.25,3.06,ACTRL1
1070,00:00:12,156,F,READY,-0.60,P,N,N,28.00,93.70,0.00,0:0:11,0.00,0.0000,0.0000,0,-178.75,2.44,ACTRL1
1070,00:00:13,157,F,READY,-0.50,P,N,N,28.00,93.70,0.00,0:0:12,0.00,0.0000,0.0000,0,-178.62,2.87,ACTRL1
1070,00:00:14,158,F,READY,-0.50,P,N,N,28.00,93.70,0.00,0:0:13,0.00,0.0000,0.0000,0,-178.38,3.81,ACTRL1
1070,00:00:15,159,F,READY,-0.50,P,N,N,28.00,93.70,0.00,0:0:14,0.00,0.0000,0.0000,0,-177.62,4.75,ACTRL1
1070,00:00:16,160,F,READY,-0.50,P,N,N,28.00,93.70,0.00,0:0:15,0.00,0.0000,0.0000,0,-177.56,5.00,ACTRL1
1070,00:00:17,161,F,READY,-0.40,P,N,N,28.00,93.70,0.00,0:0:16,0.00,0.0000,0.0000,0,-177.38,5.50,ACTRL1
1070,00:00:18,162,F,READY,-0.30,P,N,N,28.00,93.70,0.00,0:0:17,0.00,0.0000,0.0000,0,-177.25,5.69,ACTRL1
1070,00:00:19,163,F,READY,-0.30,P,N,N,28.00,93.70,0.00,0:0:18,0.00,0.0000,0.0000,0,-177.75,5.12,ACTRL1
1070,00:00:20,164,F,READY,-0.30,P,N,N,28.00,93.70,0.00,0:0:19,0.00,0.0000,0.0000,0,-151.06,9.31,ACTRL1
1070,00:00:21,165,F,READY,-0.20,P,N,N,28.00,93.70,0.00,0:0:20,0.00,0.0000,0.0000,0,-152.00,7.87,ACTRL1
1070,00:00:22,166,F,READY,-0.20,P,N,N,28.00,93.70,0.00,0:0:21,0.00,0.0000,0.0000,0,-176.81,6.12,ACTRL1
1070,00:00:23,167,F,READY,-0.20,P,N,N,28.00,93.70,0.00,0:0:22,0.00,0.0000,0.0000,0,-145.62,10.06,ACTRL1
1070,00:00:24,168,F,READY,-0.30,P,N,N,28.00,93.70,0.00,0:0:23,0.00,0.0000,0.0000,0,-151.75,10.25,ACTRL1
1070,00:00:25,169,F,READY,-0.20,P,N,N,28.00,93.70,0.00,0:0:24,0.00,0.0000,0.0000,0,-151.31,7.00,ACTRL1
1070,00:00:26,170,F,READY,-0.20,P,N,N,28.00,93.70,0.00,0:0:25,0.00,0.0000,0.0000,0,-146.56,7.37,ACTRL1
1070,00:00:27,171,F,READY,-0.30,P,N,N,28.00,93.70,0.00,0:0:26,0.00,0.0000,0.0000,0,-151.87,7.00,ACTRL1
1070,00:00:28,172,F,READY,-0.40,P,N,N,28.00,93.70,0.00,0:0:27,0.00,0.0000,0.0000,0,-178.06,3.75,ACTRL1
1070,00:00:29,173,F,READY,-0.50,P,N,N,28.00,93.70,0.00,0:0:28,0.00,0.0000,0.0000,0,-177.25,3.94,ACTRL1
1070,00:00:30,174,F,READY,-0.50,P,N,N,28.10,93.70,0.00,0:0:29,0.00,0.0000,0.0000,0,-178.12,1.94,ACTRL1
1070,00:00:31,175,F,READY,-0.60,P,N,N,28.10,93.70,0.00,0:0:30,0.00,0.0000,0.0000,0,-177.06,4.87,ACTRL1
1070,00:00:32,176,F,READY,-0.50,P,N,N,28.10,93.70,0.00,0:0:31,0.00,0.0000,0.0000,0,-138.50,7.12,ACTRL1
1070,00:00:33,177,F,READY,-0.50,P,N,N,28.10,93.70,0.00,0:0:32,0.00,0.0000,0.0000,0,-144.06,7.69,ACTRL1
1070,00:00:34,178,F,READY,-0.50,P,N,N,28.10,93.70,0.00,0:0:33,0.00,0.0000,0.0000,0,-176.63,6.31,ACTRL1
1070,00:00:35,179,F,READY,-0.50,P,N,N,28.10,93.70,0.00,0:0:34,0.00,0.0000,0.0000,0,-176.56,6.69,ACTRL1
1070,00:00:36,180,F,READY,-0.50,P,N,N,28.10,93.70,0.00,0:0:35,0.00,0.0000,0.0000,0,-149.31,7.62,ACTRL1
1070,00:00:37,181,F,READY,-0.50,P,N,N,28.10,93.70,0.00,0:0:36,0.00,0.0000,0.0000,0,-177.56,4.31,ACTRL1
1070,00:00:38,182,F,READY,-0.50,P,N,N,28.10,93.70,0.00,0:0:37,0.00,0.0000,0.0000,0,-176.94,4.50,ACTRL1
1070,00:00:39,183,F,READY,-0.40,P,N,N,28.10,93.70,0.00,0:0:38,0.00,0.0000,0.0000,0,-175.75,6.25,ACTRL1
1070,00:00:40,184,F,READY,-0.40,P,N,N,28.10,93.70,0.00,0:0:39,0.00,0.0000,0.0000,0,-177.00,3.94,ACTRL1
1070,00:00:41,185,F,READY,-0.40,P,N,N,28.10,93.70,0.00,0:0:40,0.00,0.0000,0.0000,0,-176.37,4.06,ACTRL1
1070,00:00:42,186,F,READY,-0.40,P,N,N,28.10,93.70,0.00,0:0:41,0.00,0.0000,0.0000,0,-141.19,7.37,ACTRL1
1070,00:00:43,187,F,READY,-0.40,P,N,N,28.10,93.70,0.00,0:0:42,0.00,0.0000,0.0000,0,-177.44,3.62,ACTRL1
1070,00:00:44,188,F,READY,-0.40,P,N,N,28.10,93.70,0.00,0:0:43,0.00,0.0000,0.0000,0,-26.56,8.13,ACTRL1
1070,00:00:45,189,F,READY,-0.40,P,N,N,28.10,93.70,0.00,0:0:44,0.00,0.0000,0.0000,0,-22.06,7.75,ACTRL1
1070,00:00:46,190,F,READY,-0.50,P,N,N,28.10,93.70,0.00,0:0:45,0.00,0.0000,0.0000,0,-6.06,6.44,ACTRL1
1070,00:00:47,191,F,READY,-0.40,P,N,N,28.20,93.70,0.00,0:0:46,0.00,0.0000,0.0000,0,-142.50,12.19,ACTRL1
1070,00:00:48,192,F,READY,-0.40,P,N,N,28.20,93.70,0.00,0:0:47,0.00,0.0000,0.0000,0,-175.38,11.25,ACTRL1
1070,00:00:49,193,F,READY,-0.40,P,N,N,28.20,93.70,0.00,0:0:48,0.00,0.0000,0.0000,0,-129.38,8.56,ACTRL1
1070,00:00:50,194,F,READY,-0.50,P,N,N,28.20,93.70,0.00,0:0:49,0.00,0.0000,0.0000,0,-149.87,13.50,ACTRL1
1070,00:00:51,195,F,READY,-0.40,P,N,N,28.20,93.70,0.00,0:0:50,0.00,0.0000,0.0000,0,-155.12,11.69,ACTRL1
1070,00:00:52,196,F,READY,-0.40,P,N,N,28.20,93.70,0.00,0:0:51,0.00,0.0000,0.0000,0,-148.31,8.88,ACTRL1
1070,00:00:53,197,F,READY,-0.40,P,N,N,28.20,93.70,0.00,0:0:52,0.00,0.0000,0.0000,0,-145.50,7.69,ACTRL1
1070,00:00:54,198,F,READY,-0.40,P,N,N,28.30,93.70,0.00,0:0:53,0.00,0.0000,0.0000,0,-136.31,11.63,ACTRL1
1070,00:00:55,199,F,READY,-0.40,P,N,N,28.30,93.70,0.00,0:0:54,0.00,0.0000,0.0000,0,-135.81,25.81,ACTRL1
1070,00:00:56,200,F,READY,-0.40,P,N,N,28.30,93.70,0.00,0:0:55,0.00,0.0000,0.0000,0,-128.38,8.63,ACTRL1
1070,00:00:57,201,F,READY,-0.40,P,N,N,28.30,93.70,0.00,0:0:56,0.00,0.0000,0.0000,0,-132.75,13.25,ACTRL1
1070,00:00:58,202,F,READY,-0.20,P,N,N,28.30,93.70,0.00,0:0:57,0.00,0.0000,0.0000,0,-163.75,18.06,ACTRL1
1070,00:00:59,203,F,READY,-0.10,P,N,N,28.30,93.70,0.00,0:0:58,0.00,0.0000,0.0000,0,-165.94,16.69,ACTRL1
1070,00:01:00,204,F,READY,-0.10,P,N,N,28.40,93.70,0.00,0:0:59,0.00,0.0000,0.0000,0,-140.94,11.88,ACTRL1
1070,00:01:01,205,F,READY,0.00,P,N,N,28.40,93.70,0.00,0:1:0,0.00,0.0000,0.0000,0,-150.31,16.44,ACTRL1
1070,00:01:02,206,F,READY,-0.10,P,N,N,28.40,93.70,0.00,0:1:1,0.00,0.0000,0.0000,0,-171.13,15.63,ACTRL1
1070,00:01:03,207,F,READY,-0.10,P,N,N,28.40,93.70,0.00,0:1:2,0.00,0.0000,0.0000,0,179.63,2.62,ACTRL1
1070,00:01:04,208,F,READY,-0.10,P,N,N,28.40,93.70,0.00,0:1:3,0.00,0.0000,0.0000,0,128.56,9.13,ACTRL1
1070,00:01:05,209,F,READY,-0.10,P,N,N,28.40,93.70,0.00,0:1:4,0.00,0.0000,0.0000,0,173.25,6.81,ACTRL1
1070,00:01:06,210,F,READY,-0.10,P,N,N,28.50,93.70,0.00,0:1:5,0.00,0.0000,0.0000,0,51.63,13.88,ACTRL1
1070,00:01:07,211,F,READY,-0.20,P,N,N,28.50,93.70,0.00,0:1:6,0.00,0.0000,0.0000,0,24.69,11.88,ACTRL1
1070,00:01:08,212,F,READY,-0.20,P,N,N,28.50,93.70,0.00,0:1:7,0.00,0.0000,0.0000,0,-40.75,11.31,ACTRL1
1070,00:01:09,213,F,READY,-0.20,P,N,N,28.50,93.70,0.00,0:1:8,0.00,0.0000,0.0000,0,-52.00,12.81,ACTRL1
1070,00:01:10,214,F,READY,-0.30,P,N,N,28.50,93.70,0.00,0:1:9,0.00,0.0000,0.0000,0,-54.56,13.56,ACTRL1
1070,00:01:11,215,F,READY,-0.20,P,N,N,28.60,93.70,0.00,0:1:10,0.00,0.0000,0.0000,0,-44.81,12.50,ACTRL1
1070,00:01:12,216,F,READY,-0.30,P,N,N,28.60,93.70,0.00,0:1:11,0.00,0.0000,0.0000,0,-51.13,14.00,ACTRL1
1070,00:01:13,217,F,READY,-0.30,P,N,N,28.60,93.70,0.00,0:1:12,0.00,0.0000,0.0000,0,-59.25,13.81,ACTRL1
1070,00:01:14,218,F,READY,-0.30,P,N,N,28.60,93.70,0.00,0:1:13,0.00,0.0000,0.0000,0,-93.75,15.50,ACTRL1
1070,00:01:15,219,F,READY,-0.30,P,N,N,28.60,93.70,0.00,0:1:14,0.00,0.0000,0.0000,0,-102.19,14.56,ACTRL1
1070,00:01:16,220,F,READY,-0.30,P,N,N,28.60,93.70,0.00,0:1:15,0.00,0.0000,0.0000,0,-100.12,14.31,ACTRL1
1070,00:01:17,221,F,READY,-0.30,P,N,N,28.70,93.70,0.00,0:1:16,0.00,0.0000,0.0000,0,-99.31,13.50,ACTRL1
1070,00:01:18,222,F,READY,-0.30,P,N,N,28.70,93.70,0.00,0:1:17,0.00,0.0000,0.0000,0,-105.37,14.19,ACTRL1
1070,00:01:19,223,F,READY,-0.20,P,N,N,28.70,93.70,0.00,0:1:18,0.00,0.0000,0.0000,0,-95.25,11.88,ACTRL1
1070,00:01:20,224,F,READY,-0.20,P,N,N,28.70,93.70,0.00,0:1:19,0.00,0.0000,0.0000,0,-92.50,12.94,ACTRL1
1070,00:01:21,225,F,READY,-0.10,P,N,N,28.70,93.70,0.00,0:1:20,0.00,0.0000,0.0000,0,-94.94,13.56,ACTRL1
1070,00:01:22,226,F,READY,-0.10,P,N,N,28.80,93.70,0.00,0:1:21,0.00,0.0000,0.0000,0,-94.13,13.06,ACTRL1
1070,00:01:23,227,F,READY,0.00,P,N,N,28.80,93.70,0.00,0:1:22,0.00,0.0000,0.0000,0,-89.19,12.94,ACTRL1
1070,00:01:24,228,F,READY,0.00,P,N,N,28.80,93.70,0.00,0:1:23,0.00,0.0000,0.0000,0,-88.44,11.31,ACTRL1
1070,00:01:25,229,F,READY,0.00,P,N,N,28.80,93.70,0.00,0:1:24,0.00,0.0000,0.0000,0,-85.50,11.50,ACTRL1
1070,00:01:26,230,F,READY,0.00,P,N,N,28.80,93.70,0.00,0:1:25,0.00,0.0000,0.0000,0,-85.31,11.56,ACTRL1
1070,00:01:27,231,F,READY,0.00,P,N,N,28.80,93.70,0.00,0:1:26,0.00,0.0000,0.0000,0,-83.87,11.56,ACTRL1
1070,00:01:28,232,F,READY,0.00,P,N,N,28.90,93.70,0.00,0:1:27,0.00,0.0000,0.0000,0,-80.38,11.94,ACTRL1
1070,00:01:29,233,F,READY,-0.10,P,N,N,28.90,93.70,0.00,0:1:28,0.00,0.0000,0.0000,0,-79.19,12.06,ACTRL1
1070,00:01:30,234,F,READY,-0.10,N,N,N,28.90,93.70,0.00,0:1:29,0.00,0.0000,0.0000,0,-78.37,12.50,ACTRES
1070,00:01:31,235,F,READY,-0.10,N,N,N,28.90,93.70,0.00,0:1:30,0.00,0.0000,0.0000,0,-78.56,11.25,ACTRES
1070,00:01:32,236,F,READY,-0.20,N,N,N,28.90,93.70,0.00,0:1:31,0.00,0.0000,0.0000,0,-36.94,10.56,ACTRES
1070,00:01:33,237,F,READY,-0.20,N,N,N,28.90,93.70,0.00,0:1:32,0.00,0.0000,0.0000,0,175.94,4.87,ACTRES
1070,00:01:34,238,F,READY,-0.20,N,N,N,29.00,93.70,0.00,0:1:33,0.00,0.0000,0.0000,0,-178.25,1.94,ACTRES
1070,00:01:35,239,F,READY,-0.10,N,N,N,29.00,93.70,0.00,0:1:34,0.00,0.0000,0.0000,0,1.31,3.69,ACTRES
1070,00:01:36,240,F,READY,0.00,N,N,N,29.00,93.70,0.00,0:1:35,0.00,0.0000,0.0000,0,-110.50,17.50,ACTRES
1070,00:01:37,241,F,READY,0.00,N,N,N,29.00,93.70,0.00,0:1:36,0.00,0.0000,0.0000,0,-4.87,5.25,ACTRES
1070,00:01:38,242,F,READY,-0.10,N,N,N,29.00,93.70,0.00,0:1:37,0.00,0.0000,0.0000,0,-179.38,0.69,ACTRES
1070,00:01:39,243,F,READY,-0.10,N,N,N,29.00,93.70,0.00,0:1:38,0.00,0.0000,0.0000,0,179.81,0.44,ACTRES
1070,00:01:40,244,F,READY,-0.10,N,N,N,29.10,93.70,0.00,0:1:39,0.00,0.0000,0.0000,0,179.38,0.69,ACTRES
1070,00:01:41,245,F,READY,0.00,N,N,N,29.10,93.70,0.00,0:1:40,0.00,0.0000,0.0000,0,178.50,4.75,ACTRES
1070,00:01:42,246,F,READY,0.00,N,N,N,29.10,93.70,0.00,0:1:41,0.00,0.0000,0.0000,0,179.19,2.81,ACTRES
1070,00:01:43,247,F,READY,0.00,N,N,N,29.10,93.70,0.00,0:1:43,0.00,0.0000,0.0000,0,129.63,7.69,ACTRES
1070,00:01:44,248,F,READY,0.00,N,N,N,29.10,93.70,0.00,0:1:43,0.00,0.0000,0.0000,0,-85.19,15.69,ACTRES
1070,00:01:45,249,F,READY,0.10,N,N,N,29.10,93.70,0.00,0:1:44,0.00,0.0000,0.0000,0,-78.00,20.56,ACTRES
1070,00:01:46,250,F,READY,0.20,N,N,N,29.20,93.70,0.00,0:1:45,0.00,0.0000,0.0000,0,-48.19,35.25,ACTRES
1070,00:01:47,251,F,READY,0.40,N,N,N,29.20,93.70,0.00,0:1:46,0.00,0.0000,0.0000,0,-58.75,31.87,ACTRES
1070,00:01:48,252,F,READY,0.60,N,N,N,29.20,93.70,0.00,0:1:47,0.00,0.0000,0.0000,0,-101.25,8.13,ACTRES
1070,00:01:49,253,F,READY,0.70,N,N,N,29.20,93.70,0.00,0:1:48,0.00,0.0000,0.0000,0,177.00,6.19,ACTRES
1070,00:01:50,254,F,READY,0.80,N,N,N,29.30,93.70,0.00,0:1:49,0.00,0.0000,0.0000,0,0.00,0.81,ACTRES
1070,00:01:51,255,F,READY,0.70,N,N,N,29.30,93.70,0.00,0:1:50,0.00,0.0000,0.0000,0,-176.56,3.44,ACTRES
1070,00:01:52,256,F,READY,0.60,N,N,N,29.30,93.70,0.00,0:1:51,0.00,0.0000,0.0000,0,1.37,2.44,ACTRES
1070,00:01:53,257,F,READY,0.70,N,N,N,29.30,93.70,0.00,0:1:52,0.00,0.0000,0.0000,0,-114.31,6.94,ACTRES
1070,00:01:54,258,F,READY,0.70,N,N,N,29.30,93.70,0.00,0:1:53,0.00,0.0000,0.0000,0,-56.75,7.56,ACTRES
1070,00:01:55,259,F,READY,0.70,N,N,N,29.40,93.70,0.00,0:1:54,0.00,0.0000,0.0000,0,176.94,4.62,ACTRES
1070,00:01:56,260,F,READY,0.70,N,N,N,29.40,93.70,0.00,0:1:55,0.00,0.0000,0.0000,0,-179.50,0.88,ACTRES
1070,00:01:57,261,F,READY,0.70,N,N,N,29.40,93.70,0.00,0:1:56,0.00,0.0000,0.0000,0,2.19,2.31,ACTRES
1070,00:01:58,262,F,READY,0.60,N,N,N,29.40,93.70,0.00,0:1:57,0.00,0.0000,0.0000,0,174.00,6.12,ACTRES
1070,00:01:59,263,F,READY,0.60,N,N,N,29.40,93.70,0.30,0:1:58,0.00,0.0000,0.0000,0,-177.69,3.50,ACTRES
1070,00:02:00,264,F,READY,0.70,N,N,N,29.40,93.70,0.00,0:1:59,0.00,0.0000,0.0000,0,4.62,4.87,ACTRES
1070,00:02:01,265,F,READY,0.70,N,N,N,29.40,93.70,0.00,0:2:0,0.00,0.0000,0.0000,0,-2.31,2.50,ACTRES
1070,00:02:02,266,F,READY,0.70,N,N,N,29.50,93.70,0.00,0:2:1,0.00,0.0000,0.0000,0,-177.31,4.25,ACTRES
1070,00:02:03,267,F,READY,0.70,N,N,N,29.50,93.70,0.00,0:2:2,0.00,0.0000,0.0000,0,179.75,2.75,ACTRES
1070,00:02:04,268,F,READY,0.80,N,N,N,29.50,93.70,0.00,0:2:3,0.00,0.0000,0.0000,0,55.00,20.94,ACTRES
1070,00:02:05,269,F,READY,0.80,N,N,N,29.50,93.70,0.00,0:2:4,0.00,0.0000,0.0000,0,73.06,16.06,ACTRES
1070,00:02:06,270,F,READY,0.80,N,N,N,29.50,93.70,0.00,0:2:5,0.00,0.0000,0.0000,0,99.75,12.88,ACTRES
1070,00:02:07,271,F,READY,0.80,N,N,N,29.50,93.70,0.00,0:2:6,0.00,0.0000,0.0000,0,175.06,6.50,ACTRES
1070,00:02:08,272,F,READY,0.80,N,N,N,29.60,93.70,0.00,0:2:7,0.00,0.0000,0.0000,0,-177.75,3.19,ACTRES
1070,00:02:09,273,F,READY,0.90,N,N,N,29.60,93.70,0.00,0:2:8,0.00,0.0000,0.0000,0,-173.44,7.00,ACTRES
1070,00:02:10,274,F,READY,1.00,N,N,N,29.60,93.70,0.00,0:2:9,0.00,0.0000,0.0000,0,-176.56,6.06,ACTRES
1070,00:02:11,275,F,READY,0.90,N,N,N,29.60,93.70,0.00,0:2:10,0.00,0.0000,0.0000,0,-2.75,2.81,ACTRES
1070,00:02:12,276,F,READY,0.90,N,N,N,29.60,93.70,0.00,0:2:11,0.00,0.0000,0.0000,0,-3.00,3.19,ACTRES
1070,00:02:13,277,F,READY,0.90,N,N,N,29.60,93.70,0.00,0:2:12,0.00,0.0000,0.0000,0,-0.37,1.94,ACTRES
1070,00:02:14,278,F,READY,0.80,N,N,N,29.60,93.70,0.00,0:2:13,0.00,0.0000,0.0000,0,179.06,2.12,ACTRES
1070,00:02:15,279,F,READY,0.80,N,N,N,29.60,93.70,0.00,0:2:14,0.00,0.0000,0.0000,0,179.31,4.12,ACTRES
1070,00:02:16,280,F,READY,0.70,N,N,N,29.70,93.70,0.00,0:2:15,0.00,0.0000,0.0000,0,-179.56,0.81,ACTRES
1070,00:02:17,281,F,READY,0.60,N,N,N,29.70,93.70,0.00,0:2:16,0.00,0.0000,0.0000,0,179.75,3.81,ACTRES
1070,00:02:18,282,F,READY,0.70,N,N,N,29.70,93.70,0.00,0:2:17,0.00,0.0000,0.0000,0,177.69,2.62,ACTRES
1070,00:02:19,283,F,READY,0.60,N,N,N,29.70,93.70,0.00,0:2:18,0.00,0.0000,0.0000,0,178.87,4.94,ACTRES
1070,00:02:20,284,F,READY,0.60,N,N,N,29.70,93.70,0.00,0:2:19,0.00,0.0000,0.0000,0,178.25,10.88,ACTRES
1070,00:02:21,285,F,READY,0.60,N,N,N,29.70,93.70,0.00,0:2:20,0.00,0.0000,0.0000,0,-178.94,4.50,ACTRES
1070,00:02:22,286,F,READY,0.50,N,N,N,29.70,93.70,0.00,0:2:21,0.00,0.0000,0.0000,0,175.50,4.81,ACTRES
1070,00:02:23,287,F,READY,0.60,N,N,N,29.80,93.70,0.00,0:2:22,0.00,0.0000,0.0000,0,2.31,2.81,ACTRES
1070,00:02:24,288,F,READY,0.60,N,N,N,29.80,93.70,0.00,0:2:23,0.00,0.0000,0.0000,0,-179.25,1.19,ACTRES
1070,00:02:25,289,F,READY,0.70,N,N,N,29.80,93.70,0.00,0:2:24,0.00,0.0000,0.0000,0,177.75,4.69,ACTRES
1070,00:02:26,290,F,READY,0.70,N,N,N,29.80,93.70,0.00,0:2:25,0.00,0.0000,0.0000,0,-176.94,3.87,ACTRES
1070,00:02:27,291,F,READY,0.70,N,N,N,29.80,93.70,0.00,0:2:26,0.00,0.0000,0.0000,0,178.25,4.44,ACTRES
1070,00:02:28,292,F,READY,0.70,N,N,N,29.80,93.70,0.00,0:2:27,0.00,0.0000,0.0000,0,-179.56,0.50,ACTRES
1070,00:02:29,293,F,READY,0.70,N,N,N,29.80,93.70,0.00,0:2:28,0.00,0.0000,0.0000,0,-179.00,1.81,ACTRES
1070,00:02:30,294,F,READY,0.70,N,N,N,29.80,93.70,0.00,0:2:29,0.00,0.0000,0.0000,0,2.00,2.25,ACTRES
1070,00:02:31,295,F,READY,0.70,N,N,N,29.90,93.70,0.00,0:2:31,0.00,0.0000,0.0000,0,1.06,4.44,ACTRES
1070,00:02:32,296,F,READY,0.60,N,N,N,29.90,93.70,0.00,0:2:32,0.00,0.0000,0.0000,0,175.06,4.94,ACTRES
1070,00:02:33,297,F,READY,0.70,N,N,N,29.90,93.70,0.00,0:2:33,0.00,0.0000,0.0000,0,1.75,2.12,ACTRES
1070,00:02:34,298,F,READY,0.70,N,N,N,29.90,93.70,0.00,0:2:34,0.00,0.0000,0.0000,0,-176.19,5.69,ACTRES
1070,00:02:35,299,F,READY,0.70,N,N,N,29.90,93.70,0.00,0:2:35,0.00,0.0000,0.0000,0,177.38,5.62,ACTRES
1070,00:02:36,300,F,READY,0.70,N,N,N,29.90,93.70,0.00,0:2:36,0.00,0.0000,0.0000,0,-177.75,4.19,ACTRES
1070,00:02:37,301,F,READY,0.70,N,N,N,29.90,93.70,0.00,0:2:37,0.00,0.0000,0.0000,0,-177.94,5.31,ACTRES
1070,00:02:38,302,F,READY,0.70,N,N,N,29.90,93.70,0.00,0:2:38,0.00,0.0000,0.0000,0,175.31,4.69,ACTRES
1070,00:02:39,303,F,READY,0.70,N,N,N,30.00,93.70,0.00,0:2:39,0.00,0.0000,0.0000,0,135.25,8.25,ACTRES
1070,00:02:40,304,F,READY,0.70,N,N,N,30.00,93.70,0.00,0:2:40,0.00,0.0000,0.0000,0,174.94,6.25,ACTRES
1070,00:02:41,305,F,READY,0.80,N,N,N,30.00,93.70,0.00,0:2:41,0.00,0.0000,0.0000,0,-178.38,2.25,ACTRES
1070,00:02:42,306,F,READY,0.70,N,N,N,30.00,93.70,0.00,0:2:42,0.00,0.0000,0.0000,0,-35.88,8.06,ACTRES
1070,00:02:43,307,F,READY,0.80,N,N,N,30.00,93.70,0.00,0:2:43,0.00,0.0000,0.0000,0,-103.31,12.31,ACTRES
1070,00:02:44,308,F,READY,0.70,N,N,N,30.00,93.70,0.00,0:2:44,0.00,0.0000,0.0000,0,-101.31,8.00,ACTRES
1070,00:02:45,309,F,READY,0.70,N,N,N,30.00,93.70,0.00,0:2:45,0.00,0.0000,0.0000,0,170.38,6.94,ACTRES
1070,00:02:46,310,F,READY,0.70,N,N,N,30.10,93.70,0.00,0:2:46,0.00,0.0000,0.0000,0,176.50,11.75,ACTRES
1070,00:02:47,311,F,READY,0.70,N,N,N,30.10,93.70,0.00,0:2:47,0.00,0.0000,0.0000,0,177.38,7.19,ACTRES
1070,00:02:48,312,F,READY,0.60,N,N,N,30.10,93.70,0.00,0:2:48,0.00,0.0000,0.0000,0,179.81,4.25,ACTRES
1070,00:02:49,313,F,READY,0.60,N,N,N,30.10,93.70,0.00,0:2:49,0.00,0.0000,0.0000,0,-174.25,6.56,ACTRES
1070,00:02:50,314,F,READY,0.50,N,N,N,30.10,93.70,0.00,0:2:50,0.00,0.0000,0.0000,0,-2.12,2.19,ACTRES
1070,00:02:51,315,F,READY,0.50,N,N,N,30.10,93.70,0.00,0:2:51,0.00,0.0000,0.0000,0,5.06,5.19,ACTRES
1070,00:02:52,316,F,READY,0.50,N,N,N,30.20,93.70,0.00,0:2:52,0.00,0.0000,0.0000,0,4.31,4.44,ACTRES
1070,00:02:53,317,F,READY,0.60,N,N,N,30.20,93.70,0.00,0:2:53,0.00,0.0000,0.0000,0,179.69,1.62,ACTRES
1070,00:02:54,318,F,READY,0.70,N,N,N,30.20,93.70,0.00,0:2:54,0.00,0.0000,0.0000,0,179.63,4.87,ACTRES
1070,00:02:55,319,F,READY,0.80,N,N,N,30.20,93.70,0.00,0:2:55,0.00,0.0000,0.0000,0,-176.94,3.44,ACTRES
1070,00:02:56,320,F,READY,0.80,N,N,N,30.20,93.70,0.00,0:2:56,0.00,0.0000,0.0000,0,-138.12,9.31,ACTRES
1070,00:02:57,321,F,READY,0.70,N,N,N,30.20,93.70,0.00,0:2:57,0.00,0.0000,0.0000,0,178.25,6.81,ACTRES
1070,00:02:58,322,F,READY,0.70,N,N,N,30.20,93.70,0.00,0:2:58,0.00,0.0000,0.0000,0,151.31,11.63,ACTRES
1070,00:02:59,323,F,READY,0.70,N,N,N,30.30,93.70,0.00,0:2:59,0.00,0.0000,0.0000,0,-148.56,10.25,ACTRES
1070,00:03:00,324,F,READY,0.60,N,N,N,30.30,93.70,0.00,0:3:0,0.00,0.0000,0.0000,0,-179.31,0.69,ACTRES
1070,00:03:01,325,F,READY,0.50,N,N,N,30.30,93.70,0.00,0:3:1,0.00,0.0000,0.0000,0,88.94,10.13,ACTRES
1070,00:03:02,326,F,READY,0.50,N,N,N,30.30,93.70,0.00,0:3:2,0.00,0.0000,0.0000,0,175.81,6.19,ACTRES
1070,00:03:03,327,F,READY,0.50,N,N,N,30.30,93.70,0.00,0:3:3,0.00,0.0000,0.0000,0,73.44,10.81,ACTRES
1070,00:03:04,328,F,READY,0.40,N,N,N,30.30,93.70,0.00,0:3:4,0.00,0.0000,0.0000,0,176.37,3.87,ACTRES
1070,00:03:05,329,F,READY,0.40,N,N,N,30.30,93.70,0.00,0:3:5,0.00,0.0000,0.0000,0,-179.38,3.06,ACTRES
1070,00:03:06,330,F,READY,0.50,N,N,N,30.40,93.70,0.00,0:3:6,0.00,0.0000,0.0000,0,-175.69,6.31,ACTRES
1070,00:03:07,331,F,READY,0.40,N,N,N,30.40,93.70,0.00,0:3:7,0.00,0.0000,0.0000,0,177.44,3.81,ACTRES
1070,00:03:08,332,F,READY,0.40,N,N,N,30.40,93.70,0.00,0:3:8,0.00,0.0000,0.0000,0,176.31,4.19,ACTRES
1070,00:03:09,333,F,READY,0.50,N,N,N,30.40,93.70,0.00,0:3:9,0.00,0.0000,0.0000,0,1.94,2.00,ACTRES
1070,00:03:10,334,F,READY,0.40,N,N,N,30.40,93.70,0.00,0:3:10,0.00,0.0000,0.0000,0,179.31,2.62,ACTRES
1070,00:03:11,335,F,READY,0.50,N,N,N,30.40,93.70,0.00,0:3:11,0.00,0.0000,0.0000,0,-178.38,3.87,ACTRES
1070,00:03:12,336,F,READY,0.50,N,N,N,30.40,93.70,0.00,0:3:12,0.00,0.0000,0.0000,0,-177.87,3.31,ACTRES
1070,00:03:13,337,F,READY,0.50,N,N,N,30.50,93.70,0.00,0:3:13,0.00,0.0000,0.0000,0,-174.25,5.81,ACTRES
1070,00:03:14,338,F,READY,0.60,N,N,N,30.50,93.70,0.00,0:3:14,0.00,0.0000,0.0000,0,-2.56,2.75,ACTRES
1070,00:03:15,339,F,READY,0.60,N,N,N,30.50,93.70,0.00,0:3:15,0.00,0.0000,0.0000,0,-1.75,3.94,ACTRES
1070,00:03:16,340,F,READY,0.70,N,N,N,30.50,93.70,0.00,0:3:16,0.00,0.0000,0.0000,0,3.56,4.25,ACTRES
1070,00:03:17,341,F,READY,0.80,N,N,N,30.50,93.70,0.00,0:3:17,0.00,0.0000,0.0000,0,177.94,9.69,ACTRES
1070,00:03:18,342,F,READY,0.80,N,N,N,30.50,93.70,0.00,0:3:18,0.00,0.0000,0.0000,0,179.31,4.81,ACTRES
1070,00:03:19,343,F,READY,0.80,N,N,N,30.50,93.70,0.00,0:3:19,0.00,0.0000,0.0000,0,171.37,10.31,ACTRES
1070,00:03:20,344,F,READY,0.80,N,N,N,30.50,93.70,0.00,0:3:20,0.00,0.0000,0.0000,0,159.69,11.12,ACTRES
1070,00:03:21,345,F,READY,0.70,N,N,N,30.50,93.70,0.00,0:3:21,0.00,0.0000,0.0000,0,163.00,12.25,ACTRES
1070,00:03:22,346,F,READY,0.70,N,N,N,30.60,93.70,0.00,0:3:22,0.00,0.0000,0.0000,0,159.75,12.69,ACTRES
1070,00:03:23,347,F,READY,0.70,N,N,N,30.60,93.70,0.00,0:3:23,0.00,0.0000,0.0000,0,162.06,9.81,ACTRES
1070,00:03:24,348,F,READY,0.60,N,N,N,30.60,93.70,0.00,0:3:24,0.00,0.0000,0.0000,0,157.75,8.00,ACTRES
1070,00:03:25,349,F,READY,0.60,N,N,N,30.60,93.70,0.00,0:3:25,0.00,0.0000,0.0000,0,178.25,6.62,ACTRES
1070,00:03:26,350,F,READY,0.50,N,N,N,30.60,93.70,0.00,0:3:26,0.00,0.0000,0.0000,0,168.50,10.44,ACTRES
1070,00:03:27,351,F,READY,0.50,N,N,N,30.60,93.70,0.00,0:3:27,0.00,0.0000,0.0000,0,-145.38,14.63,ACTRES
1070,00:03:28,352,F,READY,0.60,N,N,N,30.60,93.70,0.00,0:3:28,0.00,0.0000,0.0000,0,-176.87,5.69,ACTRES
1070,00:03:29,353,F,READY,0.60,N,N,N,30.60,93.70,0.00,0:3:29,0.00,0.0000,0.0000,0,174.56,5.62,ACTRES
1070,00:03:30,354,F,READY,0.70,N,N,N,30.70,93.70,0.00,0:3:30,0.00,0.0000,0.0000,0,175.38,5.50,ACTRES
1070,00:03:31,355,F,READY,0.70,N,N,N,30.70,93.70,0.00,0:3:31,0.00,0.0000,0.0000,0,-156.44,6.94,ACTRES
1070,00:03:32,356,F,READY,0.70,N,N,N,30.70,93.70,0.00,0:3:32,0.00,0.0000,0.0000,0,179.63,5.19,ACTRES
1070,00:03:33,357,F,READY,0.80,N,N,N,30.70,93.70,0.00,0:3:33,0.00,0.0000,0.0000,0,138.06,9.38,ACTRES
1070,00:03:34,358,F,READY,0.80,N,N,N,30.70,93.70,0.00,0:3:34,0.00,0.0000,0.0000,0,177.44,5.12,ACTRES
1070,00:03:35,359,F,READY,0.80,N,N,N,30.70,93.70,0.00,0:3:35,0.00,0.0000,0.0000,0,177.31,4.44,ACTRES
1070,00:03:36,360,F,READY,0.80,N,N,N,30.70,93.70,0.00,0:3:36,0.00,0.0000,0.0000,0,158.69,10.25,ACTRES
1070,00:03:37,361,F,READY,0.70,N,N,N,30.70,93.70,0.00,0:3:37,0.00,0.0000,0.0000,0,5.69,6.00,ACTRES
1070,00:03:38,362,F,READY,0.70,N,N,N,30.80,93.70,0.00,0:3:38,0.00,0.0000,0.0000,0,179.94,5.31,ACTRES
1070,00:03:39,363,F,READY,0.70,N,N,N,30.80,93.70,0.00,0:3:39,0.00,0.0000,0.0000,0,-176.75,3.31,ACTRES
1070,00:03:40,364,F,READY,0.70,N,N,N,30.80,93.70,0.00,0:3:40,0.00,0.0000,0.0000,0,178.06,5.12,ACTRES
1070,00:03:41,365,F,READY,0.60,N,N,N,30.80,93.70,0.00,0:3:41,0.00,0.0000,0.0000,0,-150.81,6.94,ACTRES
1070,00:03:42,366,F,READY,0.60,N,N,N,30.80,93.70,0.00,0:3:42,0.00,0.0000,0.0000,0,179.50,5.31,ACTRES
1070,00:03:43,367,F,READY,0.60,N,N,N,30.80,93.70,0.00,0:3:43,0.00,0.0000,0.0000,0,177.44,5.06,ACTRES
1070,00:03:44,368,F,READY,0.60,N,N,N,30.80,93.70,0.00,0:3:44,0.00,0.0000,0.0000,0,176.44,6.00,ACTRES
1070,00:03:45,369,F,READY,0.40,N,N,N,30.80,93.70,0.00,0:3:45,0.00,0.0000,0.0000,0,176.87,5.44,ACTRES
1070,00:03:46,370,F,READY,0.40,N,N,N,30.90,93.70,0.00,0:3:46,0.00,0.0000,0.0000,0,178.69,5.00,ACTRES
1070,00:03:47,371,F,READY,0.50,N,N,N,30.90,93.70,0.00,0:3:47,0.00,0.0000,0.0000,0,-62.75,14.56,ACTRES
1070,00:03:48,372,F,READY,0.50,N,N,N,30.90,93.70,0.00,0:3:48,0.00,0.0000,0.0000,0,-159.87,17.31,ACTRES
1070,00:03:49,373,F,READY,0.50,N,N,N,30.90,93.70,0.00,0:3:49,0.00,0.0000,0.0000,0,-174.87,5.56,ACTRES
1070,00:03:50,374,F,READY,0.50,N,N,N,30.90,93.70,0.00,0:3:50,0.00,0.0000,0.0000,0,179.31,6.50,ACTRES
1070,00:03:51,375,F,READY,0.50,N,N,N,30.90,93.70,0.00,0:3:51,0.00,0.0000,0.0000,0,175.87,4.87,ACTRES
1070,00:03:52,376,F,READY,0.50,N,N,N,30.90,93.70,0.00,0:3:52,0.00,0.0000,0.0000,0,3.06,3.31,ACTRES
1070,00:03:53,377,F,READY,0.60,N,N,N,31.00,93.70,0.00,0:3:53,0.00,0.0000,0.0000,0,178.00,5.87,ACTRES
1070,00:03:54,378,F,READY,0.90,N,N,N,31.00,93.70,0.00,0:3:54,0.00,0.0000,0.0000,0,59.69,21.12,ACTRES
1070,00:03:55,379,F,READY,0.80,N,N,N,31.00,93.70,0.00,0:3:55,0.00,0.0000,0.0000,0,-112.31,14.94,ACTRES
1070,00:03:56,380,F,READY,0.90,N,N,N,31.00,93.70,0.00,0:3:56,0.00,0.0000,0.0000,0,-0.94,1.50,ACTRES
1070,00:03:57,381,F,READY,0.80,N,N,N,31.00,93.70,0.00,0:3:57,0.00,0.0000,0.0000,0,-62.00,10.13,ACTRES
1070,00:03:58,382,F,READY,0.80,N,N,N,31.00,93.70,0.00,0:3:58,0.00,0.0000,0.0000,0,173.38,12.00,ACTRES
1070,00:03:59,383,F,READY,0.90,N,N,N,31.10,93.70,0.00,0:3:59,0.00,0.0000,0.0000,0,-0.19,10.25,ACTRES
1070,00:04:00,384,F,READY,0.90,N,N,N,31.10,93.70,0.00,0:4:0,0.00,0.0000,0.0000,0,-162.56,10.06,ACTRES
1070,00:04:01,385,F,READY,1.10,N,N,N,31.10,93.70,0.00,0:4:1,0.00,0.0000,0.0000,0,3.87,4.87,ACTRES
1070,00:04:02,386,F,READY,1.00,N,N,N,31.10,93.70,0.00,0:4:2,0.00,0.0000,0.0000,0,-139.88,11.75,ACTRES
1070,00:04:03,387,F,READY,1.00,N,N,N,31.10,93.70,0.00,0:4:3,0.00,0.0000,0.0000,0,177.38,3.19,ACTRES
1070,00:04:04,388,F,READY,1.10,N,N,N,31.10,93.70,0.00,0:4:4,0.00,0.0000,0.0000,0,-148.06,11.75,ACTRES
1070,00:04:05,389,F,READY,1.00,N,N,N,31.20,93.70,0.00,0:4:5,0.00,0.0000,0.0000,0,178.87,1.19,ACTRES
1070,00:04:06,390,F,READY,1.10,N,N,N,31.20,93.70,0.00,0:4:6,0.00,0.0000,0.0000,0,-177.25,2.81,ACTRES
1070,00:04:07,391,F,READY,1.10,N,N,N,31.20,93.70,0.00,0:4:7,0.00,0.0000,0.0000,0,-175.31,5.44,ACTRES
1070,00:04:08,392,F,READY,1.20,N,N,N,31.20,93.70,0.00,0:4:8,0.00,0.0000,0.0000,0,-176.25,6.19,ACTRES
1070,00:04:09,393,F,READY,1.20,N,N,N,31.20,93.70,0.00,0:4:9,0.00,0.0000,0.0000,0,-147.94,18.12,ACTRES
1070,00:04:10,394,F,READY,1.20,N,N,N,31.20,93.70,0.00,0:4:10,0.00,0.0000,0.0000,0,9.81,19.62,ACTRES
1070,00:04:11,395,F,READY,1.20,N,N,N,31.30,93.70,0.00,0:4:11,0.00,0.0000,0.0000,0,-141.25,22.00,ACTRES
1070,00:04:12,396,F,READY,1.10,N,N,N,31.30,93.70,0.00,0:4:12,0.00,0.0000,0.0000,0,26.12,8.56,ACTRES
1070,00:04:13,397,F,READY,1.10,N,N,N,31.30,93.70,0.00,0:4:13,0.00,0.0000,0.0000,0,-166.37,15.63,ACTRES
1070,00:04:14,398,F,READY,0.90,N,N,N,31.30,93.70,0.00,0:4:14,0.00,0.0000,0.0000,0,1.69,4.75,ACTRES
1070,00:04:15,399,F,READY,0.90,N,N,N,31.30,93.70,0.00,0:4:15,0.00,0.0000,0.0000,0,-165.31,11.81,ACTRES
1070,00:04:16,400,F,READY,1.00,N,N,N,31.30,93.70,0.00,0:4:16,0.00,0.0000,0.0000,0,-1.31,1.75,ACTRES
1070,00:04:17,401,F,READY,0.90,N,N,N,31.40,93.70,0.00,0:4:17,0.00,0.0000,0.0000,0,168.94,9.75,ACTRES
1070,00:04:18,402,F,READY,0.90,N,N,N,31.40,93.70,0.00,0:4:18,0.00,0.0000,0.0000,0,-175.00,5.19,ACTRES
1070,00:04:19,403,F,READY,0.80,N,N,N,31.40,93.70,0.00,0:4:19,0.00,0.0000,0.0000,0,148.81,7.37,ACTRES
1070,00:04:20,404,F,READY,0.80,N,N,N,31.40,93.70,0.00,0:4:20,0.00,0.0000,0.0000,0,-121.87,8.06,ACTRES
1070,00:04:21,405,F,READY,0.90,N,N,N,31.40,93.70,0.00,0:4:21,0.00,0.0000,0.0000,0,176.31,5.06,ACTRES
1070,00:04:22,406,F,READY,0.90,N,N,N,31.40,93.70,0.00,0:4:22,0.00,0.0000,0.0000,0,-137.37,9.50,ACTRES
1070,00:04:23,407,F,READY,0.90,N,N,N,31.40,93.70,0.00,0:4:23,0.00,0.0000,0.0000,0,177.38,3.00,ACTRES
1070,00:04:24,408,F,READY,0.80,N,N,N,31.40,93.70,0.00,0:4:24,0.00,0.0000,0.0000,0,-144.87,10.06,ACTRES
1070,00:04:25,409,F,READY,0.70,N,N,N,31.50,93.70,0.00,0:4:25,0.00,0.0000,0.0000,0,178.00,2.31,ACTRES
1070,00:04:26,410,F,READY,0.70,P,N,N,31.50,93.70,0.00,0:4:26,0.00,0.0000,0.0000,0,-138.88,10.50,ACTRL1
1070,00:04:27,411,F,READY,0.60,P,N,N,31.50,93.70,0.00,0:4:27,0.00,0.0000,0.0000,0,-128.00,58.00,ACTRL1
1070,00:00:02,411,F,READY,-0.30,P,N,N,31.60,93.70,0.00,0:0:2,0.00,0.0000,0.0000,0,-177.00,6.12,ACTRL1
1070,00:00:03,412,F,READY,-0.30,P,N,N,31.60,93.70,0.00,0:0:3,0.00,0.0000,0.0000,0,-177.00,6.12,ACTRL1
1070,00:00:04,413,F,READY,-0.30,P,N,N,31.60,93.70,0.00,0:0:4,0.00,0.0000,0.0000,0,-177.00,6.37,ACTRL1
1070,00:00:05,414,F,READY,-0.20,P,N,N,31.60,93.70,0.00,0:0:5,0.00,0.0000,0.0000,0,-152.50,8.38,ACTRL1
1070,00:00:06,415,F,READY,-0.30,P,N,N,31.60,93.70,0.00,0:0:6,0.00,0.0000,0.0000,0,-176.81,6.81,ACTRL1
1070,00:00:07,416,F,READY,-0.30,P,N,N,31.60,93.70,0.00,0:0:7,0.00,0.0000,0.0000,0,-177.12,6.06,ACTRL1
1070,00:00:08,417,F,READY,-0.20,P,N,N,31.60,93.70,0.00,0:0:8,0.00,0.0000,0.0000,0,-177.31,5.37,ACTRL1
1070,00:00:09,418,F,READY,-0.20,P,N,N,31.60,93.70,0.00,0:0:9,0.00,0.0000,0.0000,0,-179.50,3.31,ACTRL1
1070,00:00:10,419,F,READY,-0.20,P,N,N,31.60,93.70,0.00,0:0:10,0.00,0.0000,0.0000,0,-177.81,4.75,ACTRL1
1070,00:00:11,420,F,READY,-0.10,P,N,N,31.60,93.70,0.00,0:0:11,0.00,0.0000,0.0000,0,-177.69,4.75,ACTRL1
1070,00:00:12,421,F,READY,-0.10,P,N,N,31.60,93.70,0.00,0:0:12,0.00,0.0000,0.0000,0,-177.44,5.69,ACTRL1
1070,00:00:13,422,F,READY,0.00,P,N,N,31.50,93.70,0.00,0:0:13,0.00,0.0000,0.0000,0,-177.44,5.69,ACTRL1
1070,00:00:14,423,F,READY,-0.10,P,N,N,31.50,93.70,0.00,0:0:14,0.00,0.0000,0.0000,0,-177.50,5.69,ACTRL1
1070,00:00:15,424,F,READY,-0.10,P,N,N,31.50,93.70,0.00,0:0:15,0.00,0.0000,0.0000,0,-177.50,5.69,ACTRL1
1070,00:00:16,425,F,READY,-0.10,P,N,N,31.50,93.70,0.00,0:0:16,0.00,0.0000,0.0000,0,-177.50,5.69,ACTRL1
1070,00:00:17,426,F,READY,-0.10,P,N,N,31.50,93.70,0.00,0:0:17,0.00,0.0000,0.0000,0,-177.50,5.69,ACTRL1
1070,00:00:18,427,F,READY,-0.10,P,N,N,31.50,93.70,0.00,0:0:18,0.00,0.0000,0.0000,0,-177.50,5.69,ACTRL1
1070,00:00:19,428,F,READY,-0.10,P,N,N,31.50,93.70,0.00,0:0:19,0.00,0.0000,0.0000,0,-177.44,5.75,ACTRL1
1070,00:00:20,429,F,READY,0.00,P,N,N,31.50,93.70,0.00,0:0:20,0.00,0.0000,0.0000,0,-177.38,6.00,ACTRL1
1070,00:00:21,430,F,READY,0.00,P,N,N,31.40,93.70,0.00,0:0:21,0.00,0.0000,0.0000,0,-177.38,5.87,ACTRL1
1070,00:00:22,431,F,READY,-0.10,P,N,N,31.40,93.70,0.00,0:0:22,0.00,0.0000,0.0000,0,-177.38,5.87,ACTRL1
1070,00:00:23,432,F,READY,0.00,P,N,N,31.40,93.70,0.00,0:0:23,0.00,0.0000,0.0000,0,-177.38,5.87,ACTRL1
1070,00:00:24,433,F,READY,-0.10,P,N,N,31.40,93.70,0.00,0:0:24,0.00,0.0000,0.0000,0,-177.38,5.87,ACTRL1
1070,00:00:25,434,F,READY,-0.10,P,N,N,31.40,93.70,0.00,0:0:25,0.00,0.0000,0.0000,0,-177.38,5.87,ACTRL1
1070,00:00:26,435,F,READY,0.00,P,N,N,31.40,93.70,0.00,0:0:26,0.00,0.0000,0.0000,0,-177.38,5.87,ACTRL1
1070,00:00:27,436,F,READY,0.10,P,N,N,31.40,93.70,0.00,0:0:27,0.00,0.0000,0.0000,0,-177.38,5.87,ACTRL1
1070,00:00:28,437,F,READY,0.00,P,N,N,31.40,93.70,0.00,0:0:28,0.00,0.0000,0.0000,0,-177.38,5.87,ACTRL1
1070,00:00:29,438,F,READY,-0.10,P,N,N,31.40,93.70,0.00,0:0:29,0.00,0.0000,0.0000,0,-177.38,5.87,ACTRL1
1070,00:00:30,439,F,READY,-0.10,P,N,N,31.40,93.70,0.00,0:0:30,0.00,0.0000,0.0000,0,-177.38,5.87,ACTRL1
1070,00:00:31,440,F,READY,-0.10,P,N,N,31.40,93.70,0.00,0:0:31,0.00,0.0000,0.0000,0,-177.38,5.87,ACTRL1
1070,00:00:32,441,F,READY,0.00,P,N,N,31.30,93.70,0.00,0:0:32,0.00,0.0000,0.0000,0,-177.38,5.87,ACTRL1
1070,00:00:33,442,F,READY,0.00,P,N,N,31.30,93.70,0.00,0:0:33,0.00,0.0000,0.0000,0,-177.38,5.87,ACTRL1
1070,00:00:34,443,F,READY,-0.10,P,N,N,31.30,93.70,0.00,0:0:34,0.00,0.0000,0.0000,0,-177.38,5.87,ACTRL1
1070,00:00:35,444,F,READY,-0.10,P,N,N,31.30,93.70,0.00,0:0:35,0.00,0.0000,0.0000,0,-177.38,5.87,ACTRL1
1070,00:00:36,445,F,READY,-0.10,P,N,N,31.30,93.70,0.00,0:0:36,0.00,0.0000,0.0000,0,-177.38,5.87,ACTRL1
1070,00:00:37,446,F,READY,0.00,P,N,N,31.30,93.70,0.00,0:0:37,0.00,0.0000,0.0000,0,-177.38,5.87,ACTRL1
1070,00:00:38,447,F,READY,0.00,P,N,N,31.30,93.70,0.00,0:0:38,0.00,0.0000,0.0000,0,-177.38,5.87,ACTRL1
1070,00:00:39,448,F,READY,0.10,P,N,N,31.30,93.70,0.00,0:0:39,0.00,0.0000,0.0000,0,-177.38,5.87,ACTRL1
1070,00:00:40,449,F,READY,0.10,P,N,N,31.30,93.70,0.00,0:0:40,0.00,0.0000,0.0000,0,-177.38,5.87,ACTRL1
1070,00:00:41,450,F,READY,0.00,P,N,N,31.30,93.70,0.00,0:0:41,0.00,0.0000,0.0000,0,-177.38,5.87,ACTRL1
1070,00:00:42,451,F,READY,0.00,P,N,N,31.30,93.70,0.00,0:0:42,0.00,0.0000,0.0000,0,-177.38,5.87,ACTRL1
1070,00:00:43,452,F,READY,-0.10,P,N,N,31.30,93.70,0.00,0:0:43,0.00,0.0000,0.0000,0,-177.38,5.87,ACTRL1
1070,00:00:44,453,F,READY,0.10,P,N,N,31.30,93.70,0.00,0:0:44,0.00,0.0000,0.0000,0,-177.38,5.87,ACTRL1
1070,00:00:45,454,F,READY,0.00,N,N,N,31.30,93.70,0.00,0:0:45,0.00,0.0000,0.0000,0,-177.38,5.87,ACTRES
1070,00:00:46,455,F,READY,0.00,N,N,N,31.30,93.70,0.00,0:0:46,0.00,0.0000,0.0000,0,-177.38,5.87,ACTRES
1070,00:00:47,456,F,READY,0.10,N,N,N,31.30,93.70,0.00,0:0:47,0.00,0.0000,0.0000,0,-177.38,5.87,ACTRES
1070,00:00:48,457,F,READY,0.10,N,N,N,31.30,93.70,0.00,0:0:48,0.00,0.0000,0.0000,0,-159.75,9.50,ACTRES
1070,00:00:49,458,F,READY,0.10,N,N,N,31.30,93.70,0.00,0:0:49,0.00,0.0000,0.0000,0,-158.06,9.38,ACTRES
1070,00:00:50,459,F,READY,0.10,N,N,N,31.30,93.70,0.00,0:0:50,0.00,0.0000,0.0000,0,-171.00,7.31,ACTRES
1070,00:00:51,460,F,READY,0.00,N,N,N,31.30,93.70,0.00,0:0:51,0.00,0.0000,0.0000,0,-178.44,5.69,ACTRES
1070,00:00:52,461,F,READY,0.00,N,N,N,31.30,93.70,0.00,0:0:52,0.00,0.0000,0.0000,0,-177.75,5.12,ACTRES
1070,00:00:53,462,F,READY,0.00,N,N,N,31.30,93.70,0.00,0:0:53,0.00,0.0000,0.0000,0,-151.12,6.87,ACTRES
1070,00:00:54,463,F,READY,-0.10,N,N,N,31.30,93.70,0.00,0:0:54,0.00,0.0000,0.0000,0,-150.62,7.00,ACTRES
1070,00:00:55,464,F,READY,-0.10,N,N,N,31.30,93.70,0.00,0:0:55,0.00,0.0000,0.0000,0,30.44,6.94,ACTRES
1070,00:00:56,465,F,READY,-0.10,N,N,N,31.30,93.70,0.00,0:0:56,0.00,0.0000,0.0000,0,-177.56,6.12,ACTRES
1070,00:00:57,466,F,READY,-0.10,N,N,N,31.30,93.70,0.00,0:0:57,0.00,0.0000,0.0000,0,-178.50,4.75,ACTRES
1070,00:00:58,467,F,READY,0.00,N,N,N,31.30,93.70,0.00,0:0:58,0.00,0.0000,0.0000,0,-178.50,4.75,ACTRES
1070,00:00:59,468,F,READY,0.00,N,N,N,31.30,93.70,0.00,0:0:59,0.00,0.0000,0.0000,0,-178.50,4.75,ACTRES
1070,00:01:00,469,F,READY,0.00,N,N,N,31.30,93.70,0.00,0:1:0,0.00,0.0000,0.0000,0,-178.50,4.75,ACTRES
1070,00:01:01,470,F,READY,-0.10,N,N,N,31.30,93.70,0.00,0:1:1,0.00,0.0000,0.0000,0,-178.50,4.75,ACTRES
1070,00:01:02,471,F,READY,0.00,N,N,N,31.30,93.70,0.00,0:1:2,0.00,0.0000,0.0000,0,-178.50,4.75,ACTRES
1070,00:01:03,472,F,READY,0.10,N,N,N,31.30,93.70,0.00,0:1:3,0.00,0.0000,0.0000,0,-178.50,4.75,ACTRES
1070,00:01:04,473,F,READY,0.10,N,N,N,31.30,93.70,0.00,0:1:4,0.00,0.0000,0.0000,0,-178.50,4.75,ACTRES
1070,00:01:05,474,F,READY,0.10,N,N,N,31.30,93.70,0.00,0:1:5,0.00,0.0000,0.0000,0,-178.50,4.75,ACTRES
1070,00:01:06,475,F,READY,0.10,N,N,N,31.30,93.70,0.00,0:1:6,0.00,0.0000,0.0000,0,-178.50,4.75,ACTRES
1070,00:01:07,476,F,READY,0.30,N,N,N,31.30,93.70,0.00,0:1:7,0.00,0.0000,0.0000,0,-178.50,4.75,ACTRES
1070,00:01:08,477,F,READY,0.30,N,N,N,31.30,93.70,0.00,0:1:8,0.00,0.0000,0.0000,0,-178.50,4.75,ACTRES
1070,00:01:09,478,F,READY,0.30,N,N,N,31.30,93.70,0.00,0:1:9,0.00,0.0000,0.0000,0,-178.50,4.75,ACTRES
1070,00:01:10,479,F,READY,0.30,N,N,N,31.30,93.70,0.00,0:1:10,0.00,0.0000,0.0000,0,-178.50,4.75,ACTRES
1070,00:01:11,480,F,READY,0.20,N,N,N,31.30,93.70,0.00,0:1:11,0.00,0.0000,0.0000,0,-178.50,4.75,ACTRES
1070,00:01:12,481,F,READY,0.10,N,N,N,31.30,93.70,0.00,0:1:12,0.00,0.0000,0.0000,0,-178.50,4.75,ACTRES
1070,00:01:13,482,F,READY,0.10,N,N,N,31.30,93.70,0.00,0:1:13,0.00,0.0000,0.0000,0,-178.50,4.75,ACTRES
1070,00:01:14,483,F,READY,0.20,N,N,N,31.30,93.70,0.00,0:1:14,0.00,0.0000,0.0000,0,-178.50,4.75,ACTRES
1070,00:01:15,484,F,READY,0.20,N,N,N,31.20,93.70,0.00,0:1:15,0.00,0.0000,0.0000,0,-178.50,4.75,ACTRES
1070,00:01:16,485,F,READY,0.30,N,N,N,31.20,93.70,0.00,0:1:16,0.00,0.0000,0.0000,0,-178.50,4.75,ACTRES
1070,00:01:17,486,F,READY,0.20,N,N,N,31.20,93.70,0.00,0:1:17,0.00,0.0000,0.0000,0,-178.50,4.75,ACTRES
1070,00:01:18,487,F,READY,0.30,N,N,N,31.20,93.70,0.00,0:1:18,0.00,0.0000,0.0000,0,-178.50,4.75,ACTRES
1070,00:01:19,488,F,READY,0.30,N,N,N,31.20,93.70,0.00,0:1:19,0.00,0.0000,0.0000,0,-178.50,4.75,ACTRES
1070,00:01:20,489,F,READY,0.30,N,N,N,31.20,93.70,0.00,0:1:20,0.00,0.0000,0.0000,0,-178.50,4.75,ACTRES
1070,00:01:21,490,F,READY,0.20,N,N,N,31.20,93.70,0.00,0:1:21,0.00,0.0000,0.0000,0,-178.50,4.75,ACTRES
1070,00:01:22,491,F,READY,0.20,N,N,N,31.20,93.70,0.00,0:1:22,0.00,0.0000,0.0000,0,-178.50,4.75,ACTRES
1070,00:01:23,492,F,READY,0.20,N,N,N,31.20,93.70,0.00,0:1:23,0.00,0.0000,0.0000,0,-178.50,4.75,ACTRES
1070,00:01:24,493,F,READY,0.20,N,N,N,31.20,93.70,0.00,0:1:24,0.00,0.0000,0.0000,0,-178.50,4.75,ACTRES
1070,00:01:25,494,F,READY,0.20,N,N,N,31.20,93.70,0.00,0:1:25,0.00,0.0000,0.0000,0,-178.50,4.75,ACTRES
1070,00:01:26,495,F,READY,0.20,N,N,N,31.20,93.70,0.00,0:1:26,0.00,0.0000,0.0000,0,-178.50,4.75,ACTRES
1070,00:01:27,496,F,READY,0.20,N,N,N,31.20,93.70,0.00,0:1:27,0.00,0.0000,0.0000,0,-178.50,4.75,ACTRES
1070,00:01:28,497,F,READY,0.20,N,N,N,31.20,93.70,0.00,0:1:28,0.00,0.0000,0.0000,0,-178.50,4.75,ACTRES
1070,00:01:29,498,F,READY,0.10,N,N,N,31.20,93.70,0.00,0:1:29,0.00,0.0000,0.0000,0,-178.50,4.75,ACTRES
1070,00:01:30,499,F,READY,0.10,N,N,N,31.20,93.70,0.00,0:1:30,0.00,0.0000,0.0000,0,-178.50,4.75,ACTRES
1070,00:01:31,500,F,READY,0.20,N,N,N,31.20,93.70,0.00,0:1:31,0.00,0.0000,0.0000,0,-178.50,4.75,ACTRES
1070,00:01:32,501,F,READY,0.20,N,N,N,31.20,93.70,0.00,0:1:32,0.00,0.0000,0.0000,0,-178.50,4.75,ACTRES
1070,00:01:33,502,F,READY,0.20,N,N,N,31.20,93.70,0.00,0:1:33,0.00,0.0000,0.0000,0,-178.50,4.75,ACTRES
1070,00:01:34,503,F,READY,0.30,N,N,N,31.20,93.70,0.00,0:1:34,0.00,0.0000,0.0000,0,-178.50,4.75,ACTRES
1070,00:01:35,504,F,READY,0.40,N,N,N,31.20,93.70,0.00,0:1:35,0.00,0.0000,0.0000,0,-178.50,4.75,ACTRES
1070,00:01:36,505,F,READY,0.40,N,N,N,31.20,93.70,0.00,0:1:36,0.00,0.0000,0.0000,0,-178.50,4.75,ACTRES
1070,00:01:37,506,F,READY,0.30,N,N,N,31.20,93.70,0.00,0:1:37,0.00,0.0000,0.0000,0,-178.50,4.69,ACTRES
1070,00:01:38,507,F,READY,0.30,N,N,N,31.20,93.70,0.00,0:1:38,0.00,0.0000,0.0000,0,-178.50,4.50,ACTRES
1070,00:00:44,509,F,READY,0.40,N,N,N,30.40,93.70,0.00,0:0:44,0.00,0.0000,0.0000,0,-178.38,3.87,CXON
1070,00:00:45,510,F,READY,0.30,N,N,N,30.50,93.70,0.00,0:0:45,0.00,0.0000,0.0000,0,-178.38,3.87,CXON
1070,00:00:46,511,F,READY,0.20,N,N,N,30.40,93.70,0.00,0:0:46,0.00,0.0000,0.0000,0,-178.38,3.87,CXON
1070,00:00:47,512,F,READY,0.10,N,N,N,30.40,93.70,0.00,0:0:47,0.00,0.0000,0.0000,0,-178.38,3.87,CXON
1070,00:00:48,513,F,READY,0.10,N,N,N,30.40,93.70,0.00,0:0:48,0.00,0.0000,0.0000,0,-178.38,3.87,CXON
1070,00:00:49,514,F,READY,0.10,N,N,N,30.30,93.70,0.00,0:0:49,0.00,0.0000,0.0000,0,-178.38,3.87,CXON
1070,00:00:50,515,F,READY,0.10,N,N,N,30.30,93.70,0.00,0:0:50,0.00,0.0000,0.0000,0,-178.38,3.87,CXON
1070,00:00:51,516,F,READY,0.00,N,N,N,30.30,93.70,0.00,0:0:51,0.00,0.0000,0.0000,0,-178.38,3.87,CXON
1070,00:00:52,517,F,READY,0.10,N,N,N,30.30,93.70,0.00,0:0:52,0.00,0.0000,0.0000,0,-178.38,3.87,CXON
1070,00:00:53,518,F,READY,0.10,N,N,N,30.30,93.70,0.00,0:0:53,0.00,0.0000,0.0000,0,-178.38,3.87,CXON
1070,00:00:54,519,F,READY,0.10,N,N,N,30.30,93.70,0.00,0:0:54,0.00,0.0000,0.0000,0,-178.38,3.87,CXON
1070,00:00:55,520,F,READY,0.10,N,N,N,30.30,93.70,0.00,0:0:55,0.00,0.0000,0.0000,0,-178.38,3.87,CXON
1070,00:00:56,521,F,READY,0.00,N,N,N,30.30,93.70,0.00,0:0:56,0.00,0.0000,0.0000,0,-178.38,3.87,CXON
1070,00:00:57,522,F,READY,0.00,N,N,N,30.20,93.70,0.00,0:0:57,0.00,0.0000,0.0000,0,-178.38,3.87,CXON
1070,00:00:58,523,F,READY,0.00,N,N,N,30.20,93.70,0.00,0:0:58,0.00,0.0000,0.0000,0,-178.38,3.87,CXON
1070,00:00:59,524,F,READY,0.00,N,N,N,30.20,93.70,0.00,0:0:59,0.00,0.0000,0.0000,0,-178.38,3.87,CXON
1070,00:01:00,525,F,READY,0.00,N,N,N,30.20,93.70,0.00,0:1:0,0.00,0.0000,0.0000,0,-178.38,3.87,CXON
1070,00:01:01,526,F,READY,0.00,N,N,N,30.20,93.70,0.00,0:1:1,0.00,0.0000,0.0000,0,-178.38,3.87,CXON
1070,00:01:02,527,F,READY,0.00,N,N,N,30.20,93.70,0.00,0:1:2,0.00,0.0000,0.0000,0,-178.38,3.87,CXON
1070,00:01:03,528,F,READY,0.00,N,N,N,30.20,93.70,0.00,0:1:3,0.00,0.0000,0.0000,0,-178.38,3.87,CXON
1070,00:01:04,529,F,READY,0.00,N,N,N,30.20,93.70,0.00,0:1:4,0.00,0.0000,0.0000,0,-178.38,3.87,CXON
1070,00:01:05,530,F,READY,0.10,N,N,N,30.20,93.70,0.00,0:1:5,0.00,0.0000,0.0000,0,-178.38,3.87,CXON
1070,00:01:06,531,F,READY,0.10,N,N,N,30.20,93.70,0.00,0:1:6,0.00,0.0000,0.0000,0,-178.38,3.87,CXON
1070,00:01:07,532,F,READY,0.00,N,N,N,30.20,93.70,0.00,0:1:7,0.00,0.0000,0.0000,0,-178.38,3.87,CXON
1070,00:01:08,533,F,READY,0.00,N,N,N,30.20,93.70,0.00,0:1:8,0.00,0.0000,0.0000,0,-178.38,3.44,CXON
1070,00:01:09,534,F,READY,0.00,N,N,N,30.20,93.70,0.00,0:1:9,0.00,0.0000,0.0000,0,-151.69,13.19,CXON
1070,00:01:10,535,F,READY,-0.10,N,N,N,30.20,93.70,0.00,0:1:10,0.00,0.0000,0.0000,0,-132.06,22.81,CXON
1070,00:01:11,536,F,READY,0.00,N,N,N,30.20,93.70,0.00,0:1:11,0.00,0.0000,0.0000,0,-154.25,20.31,CXON
1070,00:01:12,537,F,READY,0.20,N,N,N,30.20,93.70,0.00,0:1:12,0.00,0.0000,0.0000,0,-150.19,28.06,CXON
1070,00:01:13,538,F,READY,0.20,N,N,N,30.20,93.70,0.00,0:1:13,0.00,0.0000,0.0000,0,-159.56,27.75,CXON
1070,00:01:14,539,F,READY,0.20,N,N,N,30.20,93.70,0.00,0:1:14,0.00,0.0000,0.0000,0,-149.44,27.69,CXON
1070,00:01:15,540,F,READY,0.20,N,N,N,30.20,93.70,0.00,0:1:15,0.00,0.0000,0.0000,0,-133.19,25.25,CXON
1070,00:01:16,541,F,READY,0.20,N,N,N,30.20,93.70,0.00,0:1:16,0.00,0.0000,0.0000,0,156.44,23.38,CXON
1070,00:01:17,542,F,READY,0.30,N,N,N,30.20,93.70,0.00,0:1:17,0.00,0.0000,0.0000,0,154.75,51.44,CXON
1070,00:01:18,543,F,READY,0.30,N,N,N,30.20,93.70,0.00,0:1:18,0.00,0.0000,0.0000,0,175.50,74.75,CXON
1070,00:01:19,544,F,READY,0.30,N,N,N,30.20,93.70,0.00,0:1:19,0.00,0.0000,0.0000,0,175.00,99.87,CXON
1070,00:01:20,545,F,READY,0.30,N,N,N,30.20,93.70,0.00,0:1:20,0.00,0.0000,0.0000,0,-179.50,65.12,CXON
1070,00:01:21,546,F,READY,0.40,N,N,N,30.20,93.70,0.00,0:1:21,0.00,0.0000,0.0000,0,152.12,21.25,CXON
1070,00:00:02,546,F,READY,-0.10,N,N,N,30.10,93.70,0.00,0:0:2,0.00,0.0000,0.0000,0,150.81,16.19,CXON
1070,00:00:03,547,F,READY,-0.10,N,N,N,30.10,93.70,0.50,0:0:3,0.00,0.0000,0.0000,0,148.56,16.00,CXON
1070,00:00:04,548,F,READY,-0.10,N,N,N,30.10,93.70,0.30,0:0:4,0.00,0.0000,0.0000,0,147.75,15.38,CXON
1070,00:00:05,549,F,READY,0.00,N,N,N,30.10,93.70,0.00,0:0:5,0.00,0.0000,0.0000,0,-179.81,1.56,CXON
1070,00:00:06,550,F,READY,-0.10,N,N,N,30.10,93.70,0.10,0:0:6,0.00,0.0000,0.0000,0,-118.44,14.25,CXON
1070,00:00:07,551,F,READY,0.00,N,N,N,30.10,93.70,0.10,0:0:7,0.00,0.0000,0.0000,0,-175.00,6.31,CXON
1070,00:00:08,552,F,READY,0.10,N,N,N,30.10,93.70,0.10,0:0:8,0.00,0.0000,0.0000,0,-177.12,4.81,CXON
1070,00:00:09,553,F,READY,0.10,N,N,N,30.10,93.70,0.20,0:0:9,0.00,0.0000,0.0000,0,-177.31,5.69,CXON
1070,00:00:10,554,F,READY,0.10,N,N,N,30.10,93.70,0.10,0:0:10,0.00,0.0000,0.0000,0,-177.44,5.69,CXON
1070,00:00:11,555,F,READY,0.10,N,N,N,30.10,93.70,0.20,0:0:11,0.00,0.0000,0.0000,0,-177.44,5.69,CXON
1070,00:00:12,556,F,READY,0.10,N,N,N,30.10,93.70,0.10,0:0:12,0.00,0.0000,0.0000,0,-177.44,5.69,CXON
1070,00:00:13,557,F,READY,0.10,N,N,N,30.10,93.70,0.20,0:0:13,0.00,0.0000,0.0000,0,-177.44,5.75,CXON
1070,00:00:14,558,F,READY,0.00,N,N,N,30.10,93.70,0.10,0:0:14,0.00,0.0000,0.0000,0,-177.44,5.75,CXON
1070,00:00:15,559,F,READY,0.00,N,N,N,30.10,93.70,0.20,0:0:15,0.00,0.0000,0.0000,0,-177.50,5.75,CXON
1070,00:00:16,560,F,READY,0.10,N,N,N,30.10,93.70,0.10,0:0:16,0.00,0.0000,0.0000,0,-177.50,5.75,CXON
1070,00:00:17,561,F,READY,0.10,N,N,N,30.10,93.70,0.00,0:0:17,0.00,0.0000,0.0000,0,-177.50,5.75,CXON
1070,00:00:18,562,F,READY,0.10,N,N,N,30.10,93.70,0.00,0:0:18,0.00,0.0000,0.0000,0,-170.69,12.19,STGPS
1070,00:00:19,563,F,READY,0.00,N,N,N,30.10,93.70,0.00,0:0:19,0.00,0.0000,0.0000,0,6.19,6.81,STGPS
1070,00:00:20,564,F,READY,0.10,N,N,N,30.10,93.70,0.20,0:0:20,0.00,0.0000,0.0000,0,4.44,6.81,STGPS
1070,00:00:21,565,F,READY,0.20,N,N,N,30.10,93.70,0.00,0:0:21,0.00,0.0000,0.0000,0,-179.81,9.44,STGPS
1070,00:00:22,566,F,READY,0.20,N,N,N,30.10,93.70,0.00,0:0:22,0.00,0.0000,0.0000,0,-178.81,4.00,STGPS
1070,00:00:23,567,F,READY,0.20,N,N,N,30.10,93.70,0.00,0:0:23,0.00,0.0000,0.0000,0,-178.62,4.87,STGPS
1070,00:00:24,568,F,READY,0.10,N,N,N,30.10,93.70,0.00,0:0:24,0.00,0.0000,0.0000,0,-178.62,4.87,STGPS
1070,13:55:59,569,F,READY,0.00,N,N,N,30.10,93.70,0.00,0:0:25,0.00,0.0000,0.0000,0,-178.75,5.06,STCUS
1070,13:56:00,570,F,READY,0.00,N,N,N,30.10,93.70,0.00,0:0:26,0.00,0.0000,0.0000,0,-178.81,5.25,STCUS
1070,13:56:01,571,F,READY,0.00,N,N,N,30.10,93.70,0.00,0:0:27,0.00,0.0000,0.0000,0,-178.75,5.19,STCUS
1070,13:56:02,572,F,READY,-0.10,N,N,N,30.10,93.70,0.00,0:0:28,0.00,0.0000,0.0000,0,-178.69,5.19,STCUS
1070,13:56:03,573,F,READY,-0.20,N,N,N,30.10,93.70,0.00,0:0:29,0.00,0.0000,0.0000,0,-178.81,3.81,STCUS
1070,13:56:04,574,F,READY,-0.20,N,N,N,30.10,93.70,0.00,0:0:30,0.00,0.0000,0.0000,0,-178.94,4.56,STCUS
1070,13:56:05,575,F,READY,-0.20,N,N,N,30.10,93.70,0.00,0:0:31,0.00,0.0000,0.0000,0,-179.00,5.37,STCUS
1070,13:56:06,576,F,READY,-0.30,N,N,N,30.20,93.70,0.00,0:0:32,0.00,0.0000,0.0000,0,-178.50,5.56,STCUS
1070,13:56:07,577,F,READY,-0.20,N,N,N,30.20,93.70,0.00,0:0:33,0.00,0.0000,0.0000,0,-179.06,4.81,STCUS
1070,13:56:08,578,F,READY,-0.20,N,N,N,30.20,93.70,0.00,0:0:34,0.00,0.0000,0.0000,0,-178.56,5.37,STCUS
1070,13:56:09,579,F,READY,-0.20,N,N,N,30.20,93.70,0.00,0:0:35,0.00,0.0000,0.0000,0,-178.62,5.31,STCUS
1070,13:56:10,580,F,READY,-0.20,N,N,N,30.20,93.70,0.00,0:0:36,0.00,0.0000,0.0000,0,-178.62,5.31,STCUS
1070,13:56:11,581,F,READY,-0.40,N,N,N,30.20,93.70,0.00,0:0:37,0.00,0.0000,0.0000,0,-178.62,5.31,STCUS
1070,13:56:12,582,F,READY,-0.30,N,N,N,30.20,93.70,0.00,0:0:38,0.00,0.0000,0.0000,0,-178.62,5.31,STCUS
1070,13:56:13,583,F,READY,-0.10,N,N,N,30.20,93.70,0.00,0:0:39,0.00,0.0000,0.0000,0,-178.62,5.06,STCUS
1070,13:56:14,584,F,READY,-0.10,N,N,N,30.20,93.70,0.00,0:0:40,0.00,0.0000,0.0000,0,-178.69,4.75,STCUS
1070,13:56:15,585,F,READY,-0.10,N,N,N,30.20,93.70,0.00,0:0:41,0.00,0.0000,0.0000,0,-178.62,4.87,STCUS
1070,13:56:16,586,F,READY,-0.20,N,N,N,30.20,93.70,0.00,0:0:42,0.00,0.0000,0.0000,0,-178.62,4.75,STCUS
1070,13:56:17,587,F,READY,-0.20,N,N,N,30.30,93.70,0.00,0:0:43,0.00,0.0000,0.0000,0,-178.62,4.62,STCUS
1070,13:56:18,588,F,READY,-0.20,N,N,N,30.30,93.70,0.00,0:0:44,0.00,0.0000,0.0000,0,-178.62,5.00,STCUS
1070,13:56:19,589,F,READY,-0.10,N,N,N,30.30,93.70,0.00,0:0:45,0.00,0.0000,0.0000,0,-178.69,4.62,STCUS
1070,13:56:20,590,F,READY,-0.10,N,N,N,30.30,93.70,0.00,0:0:46,0.00,0.0000,0.0000,0,-178.69,4.62,STCUS
1070,13:56:21,591,F,READY,-0.10,N,N,N,30.30,93.70,0.00,0:0:47,0.00,0.0000,0.0000,0,-178.69,4.69,STCUS
1070,13:56:22,592,F,READY,-0.20,N,N,N,30.30,93.70,0.00,0:0:48,0.00,0.0000,0.0000,0,-178.69,4.69,STCUS
1070,13:56:23,593,F,READY,-0.30,N,N,N,30.30,93.70,0.00,0:0:49,0.00,0.0000,0.0000,0,-178.69,4.62,STCUS
1070,13:56:24,594,F,READY,-0.30,N,N,N,30.30,93.70,0.00,0:0:50,0.00,0.0000,0.0000,0,-178.69,4.62,STCUS
1070,13:56:25,595,F,READY,-0.30,N,N,N,30.30,93.70,0.00,0:0:51,0.00,0.0000,0.0000,0,-178.69,4.62,STCUS
1070,13:56:26,596,F,READY,-0.40,N,N,N,30.30,93.70,0.00,0:0:52,0.00,0.0000,0.0000,0,-178.69,4.62,STCUS
1070,13:56:27,597,F,READY,-0.40,N,N,N,30.30,93.70,0.00,0:0:53,0.00,0.0000,0.0000,0,-178.69,4.62,STCUS
1070,13:56:28,598,F,READY,-0.40,N,N,N,30.30,93.70,0.00,0:0:54,0.00,0.0000,0.0000,0,-178.69,4.62,STCUS
1070,13:56:29,599,F,READY,-0.30,N,N,N,30.30,93.70,0.00,0:0:55,0.00,0.0000,0.0000,0,-178.69,4.62,STCUS
1070,13:56:30,600,F,READY,-0.20,N,N,N,30.30,93.70,0.00,0:0:56,0.00,0.0000,0.0000,0,-178.69,4.62,STCUS
1070,13:56:31,601,F,READY,-0.20,N,N,N,30.30,93.70,0.00,0:0:57,0.00,0.0000,0.0000,0,-178.69,4.62,STCUS
1070,13:56:32,602,F,READY,-0.20,N,N,N,30.30,93.70,0.00,0:0:58,0.00,0.0000,0.0000,0,-178.69,4.62,STCUS
1070,13:56:33,603,F,READY,-0.20,N,N,N,30.30,93.70,0.00,0:0:59,0.00,0.0000,0.0000,0,-178.69,4.62,STCUS
1070,13:56:34,604,F,READY,-0.20,N,N,N,30.30,93.70,0.00,0:1:0,0.00,0.0000,0.0000,0,-178.69,4.62,STCUS
1070,13:56:35,605,F,READY,-0.10,N,N,N,30.30,93.70,0.00,0:1:1,0.00,0.0000,0.0000,0,-178.69,4.62,STCUS
1070,13:56:36,606,F,READY,-0.30,N,N,N,30.30,93.70,0.00,0:1:2,0.00,0.0000,0.0000,0,-178.69,4.62,STCUS
1070,13:56:37,607,F,READY,-0.20,N,N,N,30.30,93.70,0.00,0:1:3,0.00,0.0000,0.0000,0,-178.69,4.62,STCUS
1070,13:56:38,608,F,READY,-0.10,N,N,N,30.30,93.70,0.00,0:1:4,0.00,0.0000,0.0000,0,-178.69,4.62,STCUS
1070,13:56:39,609,F,READY,0.00,N,N,N,30.30,93.70,0.00,0:1:5,0.00,0.0000,0.0000,0,-178.69,4.62,STCUS
1070,13:56:40,610,F,READY,0.00,N,N,N,30.30,93.70,0.00,0:1:6,0.00,0.0000,0.0000,0,-178.69,4.62,STCUS
1070,13:56:41,611,F,READY,0.00,N,N,N,30.30,93.70,0.00,0:1:7,0.00,0.0000,0.0000,0,-178.69,4.62,STCUS
1070,13:56:42,612,F,READY,-0.10,N,N,N,30.30,93.70,0.00,0:1:8,0.00,0.0000,0.0000,0,-178.69,4.62,STCUS
1070,13:56:43,613,F,READY,-0.10,N,N,N,30.30,93.70,0.00,0:1:9,0.00,0.0000,0.0000,0,-178.69,4.62,STCUS
1070,13:56:44,614,F,READY,-0.10,N,N,N,30.30,93.70,0.00,0:1:10,0.00,0.0000,0.0000,0,-178.69,4.62,STCUS
1070,13:56:45,615,F,READY,0.00,N,N,N,30.30,93.70,0.00,0:1:11,0.00,0.0000,0.0000,0,-178.69,4.62,STCUS
1070,13:56:46,616,F,READY,0.00,N,N,N,30.30,93.70,0.00,0:1:12,0.00,0.0000,0.0000,0,-178.69,4.62,STCUS
1070,13:56:47,617,F,READY,-0.10,N,N,N,30.30,93.70,0.00,0:1:13,0.00,0.0000,0.0000,0,-178.69,4.62,STCUS
1070,13:56:48,618,F,READY,-0.10,N,N,N,30.30,93.70,0.00,0:1:14,0.00,0.0000,0.0000,0,-178.69,4.62,STCUS
1070,13:56:49,619,F,READY,-0.20,N,N,N,30.30,93.70,0.00,0:1:15,0.00,0.0000,0.0000,0,-178.69,4.62,STCUS
1070,13:56:50,620,F,READY,-0.30,N,N,N,30.30,93.70,0.00,0:1:16,0.00,0.0000,0.0000,0,-178.69,4.62,STCUS
1070,13:56:51,621,F,READY,-0.20,N,N,N,30.30,93.70,0.00,0:1:17,0.00,0.0000,0.0000,0,-178.69,4.62,STCUS
1070,13:56:52,622,F,READY,-0.20,N,N,N,30.30,93.70,0.00,0:1:18,0.00,0.0000,0.0000,0,-178.69,4.62,STCUS
1070,13:56:53,623,F,READY,-0.20,N,N,N,30.30,93.70,0.00,0:1:19,0.00,0.0000,0.0000,0,-178.69,4.62,STCUS
1070,13:56:54,624,F,READY,-0.20,N,N,N,30.30,93.70,0.00,0:1:20,0.00,0.0000,0.0000,0,-178.69,4.62,STCUS
1070,13:56:55,625,F,READY,-0.30,N,N,N,30.30,93.70,0.00,0:1:21,0.00,0.0000,0.0000,0,-178.69,4.62,STCUS
1070,13:56:56,626,F,READY,-0.30,N,N,N,30.30,93.70,0.00,0:1:22,0.00,0.0000,0.0000,0,-178.69,4.62,STCUS
1070,13:56:57,627,F,READY,-0.20,N,N,N,30.30,93.70,0.00,0:1:23,0.00,0.0000,0.0000,0,-178.69,4.62,STCUS
1070,13:56:58,628,F,READY,-0.20,N,N,N,30.30,93.70,0.00,0:1:24,0.00,0.0000,0.0000,0,-178.69,4.62,STCUS
1070,13:56:59,629,F,READY,-0.20,N,N,N,30.30,93.70,0.00,0:1:25,0.00,0.0000,0.0000,0,-178.69,4.62,STCUS
1070,13:57:00,630,F,READY,-0.10,N,N,N,30.30,93.70,0.00,0:1:26,0.00,0.0000,0.0000,0,-178.69,4.62,STCUS
1070,13:57:01,631,F,READY,-0.10,N,N,N,30.30,93.70,0.00,0:1:27,0.00,0.0000,0.0000,0,-178.69,4.62,STCUS
1070,13:57:02,632,F,READY,-0.10,N,N,N,30.30,93.70,0.00,0:1:28,0.00,0.0000,0.0000,0,-178.69,4.62,STCUS
1070,13:57:03,633,F,READY,-0.20,N,N,N,30.30,93.70,0.00,0:1:29,0.00,0.0000,0.0000,0,-178.69,4.62,STCUS
1070,13:57:04,634,F,READY,-0.20,N,N,N,30.30,93.70,0.00,0:1:30,0.00,0.0000,0.0000,0,-178.69,4.62,STCUS
1070,13:57:05,635,F,READY,-0.30,N,N,N,30.30,93.70,0.00,0:1:31,0.00,0.0000,0.0000,0,-178.69,4.62,STCUS
1070,13:57:06,636,F,READY,-0.20,N,N,N,30.30,93.70,0.00,0:1:32,0.00,0.0000,0.0000,0,-178.69,4.62,STCUS
1070,13:57:07,637,F,READY,-0.30,N,N,N,30.30,93.70,0.00,0:1:33,0.00,0.0000,0.0000,0,-178.69,4.62,STCUS
1070,13:57:08,638,F,READY,-0.30,N,N,N,30.30,93.70,0.00,0:1:34,0.00,0.0000,0.0000,0,-178.69,4.62,STCUS
1070,13:57:09,639,F,READY,-0.30,N,N,N,30.40,93.70,0.00,0:1:35,0.00,0.0000,0.0000,0,-178.69,4.62,STCUS
1070,13:57:10,640,F,READY,-0.20,N,N,N,30.40,93.70,0.00,0:1:36,0.00,0.0000,0.0000,0,-178.69,4.62,STCUS
1070,13:57:11,641,F,READY,-0.20,N,N,N,30.40,93.70,0.00,0:1:37,0.00,0.0000,0.0000,0,-178.69,4.69,STCUS
1070,13:57:12,642,F,READY,-0.10,N,N,N,30.40,93.70,0.00,0:1:38,0.00,0.0000,0.0000,0,-178.69,4.69,STCUS
1070,13:57:13,643,F,READY,-0.10,N,N,N,30.40,93.70,0.00,0:1:39,0.00,0.0000,0.0000,0,-178.69,4.69,STCUS
1070,13:57:14,644,F,READY,-0.10,N,N,N,30.40,93.70,0.00,0:1:40,0.00,0.0000,0.0000,0,-178.69,4.69,STCUS
1070,13:57:15,645,F,READY,-0.20,N,N,N,30.40,93.70,0.00,0:1:41,0.00,0.0000,0.0000,0,-178.69,4.69,STCUS
1070,13:57:16,646,F,READY,-0.20,N,N,N,30.40,93.70,0.00,0:1:42,0.00,0.0000,0.0000,0,-178.69,4.69,STCUS
1070,13:57:17,647,F,READY,-0.30,N,N,N,30.40,93.70,0.00,0:1:43,0.00,0.0000,0.0000,0,-178.69,4.69,STCUS
1070,13:57:18,648,F,READY,-0.20,N,N,N,30.40,93.70,0.00,0:1:44,0.00,0.0000,0.0000,0,-178.69,4.69,STCUS
1070,13:57:19,649,F,READY,-0.20,N,N,N,30.40,93.70,0.00,0:1:45,0.00,0.0000,0.0000,0,-178.69,4.69,STCUS
1070,13:57:20,650,F,READY,-0.20,N,N,N,30.40,93.70,0.00,0:1:46,0.00,0.0000,0.0000,0,-178.69,4.69,STCUS
1070,13:57:21,651,F,READY,-0.10,N,N,N,30.40,93.70,0.00,0:1:47,0.00,0.0000,0.0000,0,-178.69,4.69,STCUS
1070,13:57:22,652,F,READY,-0.20,N,N,N,30.40,93.70,0.00,0:1:48,0.00,0.0000,0.0000,0,-178.69,4.69,STCUS
1070,13:57:23,653,F,READY,-0.20,N,N,M,30.40,93.70,0.00,0:1:49,0.00,0.0000,0.0000,0,-178.56,5.12,ACTFL1
1070,13:57:24,654,F,READY,-0.20,N,N,M,30.40,93.70,0.00,0:1:50,0.00,0.0000,0.0000,0,-178.56,5.12,ACTFL1
1070,13:57:25,655,F,READY,-0.30,N,N,N,30.40,93.70,0.00,0:1:51,0.00,0.0000,0.0000,0,-178.69,4.50,ACTFL0
1070,13:57:26,656,F,READY,-0.30,N,N,N,30.40,93.70,0.00,0:1:52,0.00,0.0000,0.0000,0,-178.69,4.44,ACTFL0
1070,13:57:27,657,F,READY,-0.30,N,N,N,30.40,93.70,0.00,0:1:53,0.00,0.0000,0.0000,0,-178.69,4.44,ACTFL0
1070,13:57:28,658,F,READY,-0.40,N,N,N,30.40,93.70,0.00,0:1:54,0.00,0.0000,0.0000,0,-178.69,4.44,ACTFL0
1070,13:57:29,659,F,READY,-0.30,N,N,N,30.40,93.70,0.00,0:1:55,0.00,0.0000,0.0000,0,-178.69,4.44,ACTFL0
1070,13:57:30,660,F,READY,-0.30,N,N,N,30.40,93.70,0.00,0:1:56,0.00,0.0000,0.0000,0,-178.69,4.44,ACTFL0
1070,13:57:31,661,F,READY,-0.30,N,N,N,30.40,93.70,0.00,0:1:57,0.00,0.0000,0.0000,0,-178.94,1.37,ACTFL0
1070,13:57:32,662,F,READY,-0.20,N,N,N,30.40,93.70,0.00,0:1:58,0.00,0.0000,0.0000,0,-178.69,4.81,ACTFL0
1070,13:57:33,663,F,READY,-0.20,N,N,N,30.50,93.70,0.00,0:1:59,0.00,0.0000,0.0000,0,-2.31,2.62,ACTFL0
1070,13:57:34,664,F,READY,-0.10,N,N,N,30.50,93.70,0.00,0:2:0,0.00,0.0000,0.0000,0,-179.31,3.75,ACTFL0
1070,13:57:35,665,F,READY,-0.20,N,N,N,30.50,93.70,0.00,0:2:1,0.00,0.0000,0.0000,0,-178.87,3.44,ACTFL0
1070,13:57:36,666,F,READY,-0.10,N,N,N,30.50,93.70,0.00,0:2:2,0.00,0.0000,0.0000,0,-179.00,2.81,ACTFL0
1070,13:57:37,667,F,READY,0.00,N,N,N,30.50,93.70,0.00,0:2:3,0.00,0.0000,0.0000,0,-178.56,3.06,ACTFL0
1070,13:57:38,668,F,READY,0.00,N,N,N,30.50,93.70,0.00,0:2:4,0.00,0.0000,0.0000,0,-178.62,3.37,ACTFL0
1070,13:57:39,669,F,READY,0.00,N,N,N,30.50,93.70,0.00,0:2:5,0.00,0.0000,0.0000,0,-178.44,3.75,ACTFL0
1070,13:57:40,670,F,READY,0.00,N,N,N,30.50,93.70,0.00,0:2:6,0.00,0.0000,0.0000,0,-178.44,3.75,ACTFL0
1070,13:57:41,671,F,READY,-0.10,N,N,N,30.50,93.70,0.00,0:2:7,0.00,0.0000,0.0000,0,-178.44,3.75,ACTFL0
1070,13:57:42,672,F,READY,-0.10,N,N,N,30.50,93.70,0.00,0:2:8,0.00,0.0000,0.0000,0,-178.44,3.75,ACTFL0
1070,13:57:43,673,F,READY,-0.10,N,N,M,30.50,93.70,0.00,0:2:9,0.00,0.0000,0.0000,0,-178.00,4.75,ACTFL1
1070,13:57:44,674,F,READY,-0.10,N,N,M,30.50,93.70,0.00,0:2:10,0.00,0.0000,0.0000,0,-178.06,4.69,ACTFL1
1070,13:57:45,675,F,READY,-0.10,N,N,N,30.50,93.70,0.00,0:2:11,0.00,0.0000,0.0000,0,-178.06,4.50,ACTFL0
1070,13:57:46,676,F,READY,0.00,N,N,N,30.50,93.70,0.00,0:2:12,0.00,0.0000,0.0000,0,-178.06,4.50,ACTFL0
1070,13:57:47,677,F,READY,0.10,N,N,N,30.50,93.70,0.00,0:2:13,0.00,0.0000,0.0000,0,-178.38,3.56,ACTFL0
1070,13:57:48,678,F,READY,0.10,N,N,N,30.50,93.70,0.00,0:2:14,0.00,0.0000,0.0000,0,-178.12,3.87,ACTFL0
1070,13:57:49,679,F,READY,0.10,N,N,N,30.50,93.70,0.00,0:2:15,0.00,0.0000,0.0000,0,-178.00,4.25,ACTFL0
1070,13:57:50,680,F,READY,0.10,N,N,N,30.50,93.70,0.00,0:2:16,0.00,0.0000,0.0000,0,-178.00,3.94,ACTFL0
1070,13:57:51,681,F,READY,0.10,N,N,N,30.50,93.70,0.00,0:2:17,0.00,0.0000,0.0000,0,-178.12,3.69,ACTFL0
1070,13:57:52,682,F,READY,0.10,N,N,M,30.50,93.70,0.00,0:2:18,0.00,0.0000,0.0000,0,-177.69,5.12,ACTFL1
1070,13:57:53,683,F,READY,0.10,N,N,M,30.50,93.70,0.00,0:2:19,0.00,0.0000,0.0000,0,-178.06,4.50,ACTFL1
1070,13:57:54,684,F,READY,0.20,N,N,M,30.50,93.70,0.00,0:2:20,0.00,0.0000,0.0000,0,-178.00,4.56,ACTFL1
1070,13:57:55,685,F,READY,0.20,N,N,M,30.50,93.70,0.00,0:2:21,0.00,0.0000,0.0000,0,-178.00,4.62,ACTFL1
1070,13:57:56,686,F,READY,0.20,N,N,M,30.50,93.70,0.00,0:2:22,0.00,0.0000,0.0000,0,-178.00,4.62,ACTFL1
1070,13:57:57,687,F,READY,0.10,N,N,M,30.50,93.70,0.00,0:2:23,0.00,0.0000,0.0000,0,-178.00,4.62,ACTFL1
1070,13:57:58,688,F,READY,0.10,N,N,M,30.50,93.70,0.00,0:2:24,0.00,0.0000,0.0000,0,-178.00,4.62,ACTFL1
1070,13:57:59,689,F,READY,0.10,N,N,M,30.50,93.70,0.10,0:2:25,0.00,0.0000,0.0000,0,-178.00,4.62,ACTFL1
1070,13:58:00,690,F,READY,0.20,N,N,M,30.50,93.70,0.00,0:2:26,0.00,0.0000,0.0000,0,-178.00,4.62,ACTFL1
1070,13:58:01,691,F,READY,0.10,N,N,M,30.50,93.70,0.00,0:2:27,0.00,0.0000,0.0000,0,-178.00,4.62,ACTFL1
1070,13:58:02,692,F,READY,0.10,N,N,M,30.50,93.70,0.00,0:2:28,0.00,0.0000,0.0000,0,-178.00,4.62,ACTFL1
1070,13:58:03,693,F,READY,0.10,N,N,M,30.50,93.70,0.00,0:2:29,0.00,0.0000,0.0000,0,-178.00,4.62,ACTFL1
1070,13:58:04,694,F,READY,0.00,N,N,M,30.50,93.70,0.00,0:2:30,0.00,0.0000,0.0000,0,-178.00,4.62,ACTAB
1070,13:58:05,695,F,READY,0.00,N,N,M,30.50,93.70,0.00,0:2:31,0.00,0.0000,0.0000,0,-178.00,4.62,ACTAB
1070,13:58:06,696,F,READY,0.10,N,N,M,30.60,93.70,0.00,0:2:32,0.00,0.0000,0.0000,0,-178.00,4.62,ACTAB
1070,13:58:07,697,F,READY,0.20,N,N,M,30.60,93.70,0.00,0:2:33,0.00,0.0000,0.0000,0,-178.00,4.62,ACTAB
1070,13:58:08,698,F,READY,0.10,N,N,M,30.60,93.70,0.00,0:2:34,0.00,0.0000,0.0000,0,-178.00,4.62,ACTAB
1070,13:58:09,699,F,READY,0.10,N,N,M,30.60,93.70,0.00,0:2:35,0.00,0.0000,0.0000,0,-178.00,4.62,ACTAB
1070,13:58:10,700,F,READY,0.00,N,N,M,30.60,93.70,0.00,0:2:36,0.00,0.0000,0.0000,0,-178.00,4.62,ACTAB
1070,13:58:11,701,F,READY,0.00,N,N,M,30.60,93.70,0.00,0:2:37,0.00,0.0000,0.0000,0,-178.00,4.62,ACTAB
1070,13:58:12,702,F,READY,0.00,N,N,M,30.60,93.70,0.00,0:2:38,0.00,0.0000,0.0000,0,-178.00,4.62,ACTAB
1070,13:58:13,703,F,READY,0.00,N,N,M,30.60,93.70,0.00,0:2:39,0.00,0.0000,0.0000,0,-178.00,4.62,ACTAB
1070,13:58:14,704,F,READY,0.00,N,N,M,30.60,93.70,0.00,0:2:40,0.00,0.0000,0.0000,0,-178.00,4.62,ACTAB
1070,13:58:15,705,F,READY,-0.10,N,N,M,30.60,93.70,0.00,0:2:41,0.00,0.0000,0.0000,0,-178.00,4.62,ACTAB
1070,13:58:16,706,F,READY,-0.10,N,N,M,30.60,93.70,0.00,0:2:42,0.00,0.0000,0.0000,0,-179.00,1.06,ACTAB
1070,13:58:17,707,F,READY,0.00,N,N,M,30.60,93.70,0.00,0:2:43,0.00,0.0000,0.0000,0,-18.94,9.75,ACTAB
1070,13:58:18,708,F,READY,-0.10,N,N,M,30.60,93.70,0.10,0:2:44,0.00,0.0000,0.0000,0,-54.13,10.13,ACTAB
1070,00:00:35,37,F,READY,0.10,N,N,N,24.10,94.00,4.30,0:0:35,0.00,0.0000,0.0000,0,-176.31,4.31,NONE
1070,00:00:36,38,F,READY,0.10,N,N,N,24.10,94.00,4.40,0:0:36,0.00,0.0000,0.0000,0,-175.25,5.50,NONE
1070,00:00:37,39,F,READY,0.10,N,N,N,24.10,94.00,4.40,0:0:37,0.00,0.0000,0.0000,0,-176.75,4.50,NONE
1070,00:00:38,40,F,READY,0.10,N,N,N,24.10,94.00,4.30,0:0:38,0.00,0.0000,0.0000,0,-176.50,5.06,NONE
1070,00:00:39,41,F,READY,0.10,N,N,N,24.10,94.00,4.10,0:0:39,0.00,0.0000,0.0000,0,-176.50,3.81,NONE
1070,00:00:40,42,F,READY,0.10,N,N,N,24.10,94.00,4.40,0:0:40,0.00,0.0000,0.0000,0,-2.06,5.06,NONE
1070,00:00:41,43,F,READY,0.10,N,N,N,24.10,94.00,4.20,0:0:41,0.00,0.0000,0.0000,0,-1.62,4.31,NONE
1070,00:00:42,44,F,READY,0.10,N,N,N,24.10,94.00,2.70,0:0:42,0.00,0.0000,0.0000,0,-1.37,4.69,NONE
1070,00:00:43,45,F,READY,0.00,N,N,N,24.10,94.00,2.80,0:0:43,0.00,0.0000,0.0000,0,-176.56,3.94,NONE
1070,00:00:44,46,F,READY,0.00,N,N,N,24.10,94.00,3.20,0:0:44,0.00,0.0000,0.0000,0,-148.56,8.00,NONE
1070,00:00:45,47,F,READY,0.00,N,N,N,24.10,94.00,3.40,0:0:45,0.00,0.0000,0.0000,0,-176.37,4.56,NONE
1070,00:00:46,48,F,READY,0.10,N,N,N,24.20,94.10,3.60,0:0:46,0.00,0.0000,0.0000,0,-2.37,2.62,NONE
1070,00:00:47,49,F,READY,0.00,N,N,N,24.20,94.00,3.40,0:0:47,0.00,0.0000,0.0000,0,-1.44,4.44,NONE
1070,00:00:48,50,F,READY,0.00,N,N,N,24.20,94.10,3.50,0:0:48,0.00,0.0000,0.0000,0,-0.50,4.31,NONE
1070,00:00:49,51,F,READY,0.00,N,N,N,24.20,94.00,3.20,0:0:49,0.00,0.0000,0.0000,0,0.19,0.81,NONE
1070,00:00:50,52,F,READY,0.10,N,N,N,24.20,94.00,3.50,0:0:50,0.00,0.0000,0.0000,0,-0.56,2.37,NONE
1070,00:00:51,53,F,READY,0.00,N,N,N,24.20,94.00,3.20,0:0:51,0.00,0.0000,0.0000,0,0.88,4.06,NONE
1070,00:00:52,54,F,READY,0.10,N,N,N,24.20,94.00,3.00,0:0:52,0.00,0.0000,0.0000,0,-150.87,8.50,NONE
1070,00:00:53,55,F,READY,0.20,N,N,N,24.20,94.00,3.30,0:0:53,0.00,0.0000,0.0000,0,-176.87,4.31,CXON
1070,00:00:54,56,F,READY,0.20,N,N,N,24.20,94.00,3.50,0:0:54,0.00,0.0000,0.0000,0,-176.56,5.62,CXON
1070,00:00:55,57,F,READY,0.20,N,N,N,24.20,94.00,3.10,0:0:55,0.00,0.0000,0.0000,0,-177.50,5.69,CXON
1070,00:00:56,58,F,READY,0.10,N,N,N,24.20,94.00,3.20,0:0:56,0.00,0.0000,0.0000,0,-177.87,2.19,CXON
1070,00:00:57,59,F,READY,0.10,N,N,N,24.20,94.00,4.10,0:0:57,0.00,0.0000,0.0000,0,36.56,16.00,CXON
1070,00:00:58,60,F,READY,0.10,N,N,N,24.20,94.00,3.50,0:0:58,0.00,0.0000,0.0000,0,89.69,7.19,CXON
1070,00:00:59,61,F,READY,0.10,N,N,N,24.20,94.00,4.30,0:0:59,0.00,0.0000,0.0000,0,32.88,20.06,CXON
1070,00:01:00,62,F,READY,0.00,N,N,N,24.20,94.00,3.70,0:1:0,0.00,0.0000,0.0000,0,3.94,4.44,CXON
1070,00:01:01,63,F,READY,0.00,N,N,N,24.20,94.00,4.00,0:1:1,0.00,0.0000,0.0000,0,-3.62,6.75,CXON
1070,00:01:02,64,F,READY,0.00,N,N,N,24.30,94.10,4.50,0:1:2,0.00,0.0000,0.0000,0,-7.62,21.62,CXON
1070,00:01:03,65,F,READY,0.00,N,N,N,24.30,94.10,4.50,0:1:3,0.00,0.0000,0.0000,0,8.31,23.19,CXON
1070,00:01:04,66,F,READY,0.00,N,N,N,24.30,94.00,4.40,0:1:4,0.00,0.0000,0.0000,0,7.81,19.37,CXON
1070,00:01:05,67,F,READY,0.00,N,N,N,24.30,94.10,4.50,0:1:5,0.00,0.0000,0.0000,0,-22.25,22.19,CXON
1070,00:01:06,68,F,READY,0.10,N,N,N,24.30,94.00,4.50,0:1:6,0.00,0.0000,0.0000,0,-25.31,22.81,CXON
1070,00:01:07,69,F,READY,0.30,N,N,N,24.30,94.00,4.50,0:1:7,0.00,0.0000,0.0000,0,-18.94,24.94,CXON
1070,00:01:08,70,F,READY,0.30,N,N,N,24.30,94.00,4.40,0:1:8,0.00,0.0000,0.0000,0,-9.00,17.25,CXON
1070,00:01:09,71,F,READY,0.30,N,N,N,24.30,94.00,4.20,0:1:9,0.00,0.0000,0.0000,0,-0.44,5.69,CXON
1070,00:01:10,72,F,READY,0.20,N,N,N,24.30,94.00,3.90,0:1:10,0.00,0.0000,0.0000,0,-93.25,8.56,CXON
1070,00:01:11,73,F,READY,0.30,N,N,N,24.30,94.00,4.80,0:1:11,0.00,0.0000,0.0000,0,-149.62,8.50,CXON
1070,00:01:12,74,F,READY,0.20,N,N,N,24.30,94.00,5.00,0:1:12,0.00,0.0000,0.0000,0,90.62,8.00,CXON
1070,00:00:05,1,F,READY,-0.10,N,N,N,26.30,94.00,0.00,0:0:5,0.00,0.0000,0.0000,0,178.94,3.81,NONE
1070,00:00:06,2,F,READY,-0.10,N,N,N,26.40,94.00,4.60,0:0:6,0.00,0.0000,0.0000,0,179.44,2.37,CXON
1070,00:00:07,3,F,READY,-0.20,N,N,N,26.30,94.00,4.60,0:0:7,0.00,0.0000,0.0000,0,-178.50,2.87,CXON
1070,00:00:08,4,F,READY,-0.20,N,N,N,26.30,94.00,4.70,0:0:8,0.00,0.0000,0.0000,0,-177.75,3.44,CXON
1070,00:00:09,5,F,READY,-0.20,N,N,N,26.30,94.00,4.70,0:0:9,0.00,0.0000,0.0000,0,-177.19,4.56,CXON
1070,00:00:10,6,F,READY,-0.10,N,N,N,26.30,94.00,4.60,0:0:10,0.00,0.0000,0.0000,0,-177.50,3.44,CXON
1070,00:00:11,7,F,READY,-0.10,N,N,N,26.30,94.00,4.60,0:0:11,0.00,0.0000,0.0000,0,-179.69,6.31,CXON
1070,00:00:12,8,F,READY,-0.10,N,N,N,26.30,94.00,4.60,0:0:12,0.00,0.0000,0.0000,0,-177.87,5.50,CXON
1070,00:00:13,9,F,READY,-0.10,N,N,N,26.30,94.00,4.50,0:0:13,0.00,0.0000,0.0000,0,-172.31,7.31,CXON
1070,00:00:14,10,F,READY,-0.10,N,N,N,26.30,94.00,4.10,0:0:14,0.00,0.0000,0.0000,0,-165.69,13.94,CXON
1070,00:00:15,11,F,READY,-0.10,N,N,N,26.30,94.00,4.40,0:0:15,0.00,0.0000,0.0000,0,-126.44,17.31,CXON
1070,00:00:16,12,F,READY,-0.10,N,N,N,26.30,94.00,4.20,0:0:16,0.00,0.0000,0.0000,0,-125.12,28.56,CXON
1070,00:00:17,13,F,READY,0.00,N,N,N,26.30,94.00,4.20,0:0:17,0.00,0.0000,0.0000,0,-121.56,30.25,CXON
1070,00:00:18,14,F,READY,-0.10,N,N,N,26.30,94.00,4.20,0:0:18,0.00,0.0000,0.0000,0,-125.12,35.50,CXON
1070,00:00:18,15,F,READY,-0.10,N,N,N,26.30,94.00,4.20,0:0:19,0.00,0.0000,0.0000,0,-115.50,34.44,CXON
1070,00:00:20,16,F,READY,-0.10,N,N,N,26.30,94.00,4.60,0:0:20,0.00,0.0000,0.0000,0,-115.31,44.56,CXON
1070,00:00:21,17,F,READY,0.00,N,N,N,26.20,94.00,4.60,0:0:21,0.00,0.0000,0.0000,0,-115.31,44.38,CXON
1070,00:00:21,18,F,READY,-0.10,N,N,N,26.20,94.00,4.60,0:0:22,0.00,0.0000,0.0000,0,-117.06,45.88,CXON
1070,00:00:22,19,F,READY,0.00,N,N,N,26.20,94.00,4.50,0:0:23,0.00,0.0000,0.0000,0,-115.37,47.94,CXON
1070,00:00:23,20,F,READY,-0.10,N,N,N,26.20,94.00,4.50,0:0:24,0.00,0.0000,0.0000,0,-116.25,48.56,CXON
1070,00:00:24,21,F,READY,0.00,P,N,N,26.20,94.00,4.60,0:0:25,0.00,0.0000,0.0000,0,-114.00,48.31,ACTRL1
1070,00:00:25,22,F,READY,0.00,P,N,N,26.20,94.00,4.50,0:0:26,0.00,0.0000,0.0000,0,179.63,6.06,ACTRL1
1070,00:00:26,23,F,READY,0.00,P,N,N,26.20,94.00,4.80,0:0:27,0.00,0.0000,0.0000,0,67.19,54.88,ACTRL1
1070,00:00:27,24,F,READY,0.10,P,N,N,26.20,94.00,4.70,0:0:28,0.00,0.0000,0.0000,0,51.44,52.81,ACTRL1
1070,00:00:28,25,F,READY,0.00,P,N,N,26.20,94.00,4.60,0:0:29,0.00,0.0000,0.0000,0,65.44,68.12,ACTRL1
1070,00:00:29,26,F,READY,-0.10,P,N,N,26.20,94.00,4.60,0:0:30,0.00,0.0000,0.0000,0,81.81,89.44,ACTRL1
1070,00:00:30,27,F,READY,0.00,P,N,N,26.20,94.00,4.90,0:0:31,0.00,0.0000,0.0000,0,54.31,85.94,ACTRL1
1070,00:00:31,28,F,READY,0.00,P,N,N,26.20,94.00,5.00,0:0:32,0.00,0.0000,0.0000,0,46.81,88.00,ACTRL1
1070,00:00:32,29,F,READY,0.10,P,N,N,26.20,94.00,5.00,0:0:33,0.00,0.0000,0.0000,0,50.19,88.69,ACTRL1
1070,00:00:33,30,F,READY,0.10,P,N,N,26.10,94.00,5.00,0:0:34,0.00,0.0000,0.0000,0,52.13,88.69,ACTRL1
1070,00:00:34,31,F,READY,0.10,P,N,N,26.10,94.00,4.90,0:0:35,0.00,0.0000,0.0000,0,50.56,87.00,ACTRL1
1070,00:00:35,32,F,READY,0.10,P,N,N,26.10,94.00,5.00,0:0:36,0.00,0.0000,0.0000,0,47.50,75.06,ACTRL1
1070,00:00:36,33,F,READY,0.00,P,N,N,26.10,94.00,3.40,0:0:37,0.00,0.0000,0.0000,0,113.50,55.50,ACTRL1
