1070,18:27:19,1,S,READY,0.4,N,N,N,25.1,1000.94,6.16,18:27:19,0.4,34.8158,-86.6331,13,-0.04,-0.03,CXON
1070,18:27:20,2,S,READY,1.2,N,N,N,24.6,1001.24,6.02,18:27:20,1.2,34.8137,-86.6293,13,-0.06,-0.03,CXON
1070,18:27:21,3,S,READY,1.4,N,N,N,24.78,1001.53,6.18,18:27:21,1.4,34.8117,-86.6257,13,-0.05,0.01,CXON
1070,18:27:22,4,S,READY,1.6,N,N,N,24.79,1001.83,6.25,18:27:22,1.6,34.803,-86.6187,13,-0.05,-0.04,CXON
1070,18:27:23,5,S,READY,1.7,N,N,N,24.66,1002.44,6.48,18:27:23,1.7,34.7971,-86.6181,13,-0.03,-0.06,CXON
1070,18:27:24,6,S,READY,2,N,N,N,24.67,1002.98,6.04,18:27:24,2,34.7929,-86.6128,13,-0.05,-0.08,CXON
1070,18:27:25,7,S,READY,2.3,N,N,N,25.29,1003.34,6.38,18:27:25,2.3,34.784,-86.6118,13,-0,-0.12,CXON
1070,18:27:26,8,S,READY,2.6,N,N,N,24.72,1004.02,5.74,18:27:26,2.6,34.7747,-86.6044,13,0.03,-0.1,CXON
1070,18:27:27,9,S,READY,3.3,N,N,N,24.68,1004.45,6.4,18:27:27,3.3,34.7649,-86.5952,13,-0.01,-0.1,CXON
1070,18:27:28,10,S,READY,4,N,N,N,25.43,1005.4,5.85,18:27:28,4,34.7578,-86.5896,13,0,-0.09,CXON
1070,18:27:29,11,S,READY,5,N,N,N,25.26,1005.8,5.63,18:27:29,5,34.7488,-86.5864,13,0.02,-0.08,CXON
1070,18:27:30,12,S,ASCENDING,5.4,N,N,N,24.59,1006.47,6.12,18:27:30,5.4,34.7464,-86.581,13,-0.01,-0.11,CXON
1070,18:27:31,13,S,ASCENDING,17.7,N,N,N,25.13,1006.6,5.78,18:27:31,17.7,34.7421,-86.5747,13,-0,-0.1,CXON
1070,18:27:32,14,S,ASCENDING,39.8,N,N,N,25.23,1007.43,5.5,18:27:32,39.8,34.7381,-86.5697,13,0.01,-0.11,CXON
1070,18:27:33,15,S,ASCENDING,67.3,N,N,N,24.53,1007.43,5.5,18:27:33,67.3,34.7322,-86.5641,13,0.04,-0.07,CXON
1070,18:27:34,16,S,ASCENDING,92.7,N,N,N,24.96,1008.03,5.53,18:27:34,92.7,34.7297,-86.5577,13,0.01,-0.1,CXON
1070,18:27:35,17,S,ASCENDING,93.6,N,N,N,25.09,1008.84,6.19,18:27:35,93.6,34.7243,-86.5479,13,0.04,-0.12,CXON
1070,18:27:36,18,S,ASCENDING,118.6,N,N,N,25.25,1008.99,5.86,18:27:36,118.6,34.722,-86.5416,13,0.04,-0.16,CXON
1070,18:27:37,19,S,ASCENDING,146.5,N,N,N,24.53,1009.38,6.09,18:27:37,146.5,34.7163,-86.5357,13,0.03,-0.15,CXON
1070,18:27:38,20,S,ASCENDING,149.7,N,N,N,24.99,1010.34,6.3,18:27:38,149.7,34.7085,-86.5318,13,-0.01,-0.18,CXON
1070,18:27:39,21,S,ASCENDING,165.3,N,N,N,25.24,1010.99,5.6,18:27:39,165.3,34.7075,-86.5303,13,-0.05,-0.2,CXON
1070,18:27:40,22,S,ASCENDING,181.5,N,N,N,24.66,1011.13,5.82,18:27:40,181.5,34.7018,-86.5252,13,-0.03,-0.18,CXON
1070,18:27:41,23,S,ASCENDING,200.6,N,N,N,25.02,1011.78,6.22,18:27:41,200.6,34.7017,-86.5249,13,-0.07,-0.19,CXON
1070,18:27:42,24,S,ASCENDING,208.2,N,N,N,25.33,1012.13,5.84,18:27:42,208.2,34.6995,-86.5193,13,-0.08,-0.19,CXON
1070,18:27:43,25,S,ASCENDING,229.2,N,N,N,24.67,1012.46,6.33,18:27:43,229.2,34.6989,-86.5093,13,-0.09,-0.23,CXON
1070,18:27:44,26,S,ASCENDING,250.6,N,N,N,25.28,1012.55,5.55,18:27:44,250.6,34.6964,-86.5008,13,-0.04,-0.26,CXON
1070,18:27:45,27,S,ASCENDING,270,N,N,N,24.52,1013.5,5.59,18:27:45,270,34.6933,-86.4963,13,-0.04,-0.3,CXON
1070,18:27:46,28,S,ASCENDING,298.5,N,N,N,25.17,1013.9,6.4,18:27:46,298.5,34.6901,-86.4913,13,-0.05,-0.35,CXON
1070,18:27:47,29,S,ASCENDING,325.1,N,N,N,25.15,1014.33,5.84,18:27:47,325.1,34.6877,-86.4836,13,-0.1,-0.33,CXON
1070,18:27:48,30,S,ASCENDING,346.8,N,N,N,25.13,1014.84,5.57,18:27:48,346.8,34.6789,-86.4738,13,-0.07,-0.3,CXON
1070,18:27:49,31,S,ASCENDING,371.9,N,N,N,24.75,1015.75,5.58,18:27:49,371.9,34.6726,-86.4663,13,-0.06,-0.34,CXON
1070,18:27:50,32,S,ASCENDING,401.8,N,N,N,24.51,1016.33,5.57,18:27:50,401.8,34.6661,-86.4564,13,-0.03,-0.36,CXON
1070,18:27:51,33,S,ASCENDING,407.3,N,N,N,25.16,1017.29,5.81,18:27:51,407.3,34.6564,-86.4481,13,-0.05,-0.33,CXON
1070,18:27:52,34,S,ASCENDING,434.2,N,N,N,24.92,1018.01,5.91,18:27:52,434.2,34.6468,-86.4479,13,-0.02,-0.34,CXON
1070,18:27:53,35,S,ASCENDING,459.9,N,N,N,24.52,1018.44,6.4,18:27:53,459.9,34.6464,-86.4413,13,-0.04,-0.34,CXON
1070,18:27:54,36,S,ASCENDING,467.7,N,N,N,25.34,1018.46,5.62,18:27:54,467.7,34.6381,-86.4382,13,-0.09,-0.3,CXON
1070,18:27:55,37,S,ASCENDING,490.8,N,N,N,24.87,1018.56,6.14,18:27:55,490.8,34.6302,-86.4356,13,-0.11,-0.33,CXON
1070,18:27:56,38,S,ASCENDING,508.2,N,N,N,25.32,1018.91,6.1,18:27:56,508.2,34.6261,-86.4344,13,-0.07,-0.37,CXON
1070,18:27:57,39,S,ASCENDING,518.7,N,N,N,24.73,1019.23,5.85,18:27:57,518.7,34.6231,-86.4247,13,-0.05,-0.4,CXON
1070,18:27:58,40,S,ASCENDING,522.7,N,N,N,25.46,1019.53,6.31,18:27:58,522.7,34.6136,-86.4183,13,-0,-0.37,CXON
1070,18:27:59,41,S,ASCENDING,537.5,N,N,N,24.68,1020.47,6.33,18:27:59,537.5,34.605,-86.4112,13,-0.02,-0.38,CXON
1070,18:28:0,42,S,ASCENDING,546.2,N,N,N,25.41,1021.41,6,18:28:0,546.2,34.5952,-86.4067,13,-0.07,-0.4,CXON
1070,18:28:1,43,S,ASCENDING,566.3,N,N,N,25.45,1022.16,6.04,18:28:1,566.3,34.5865,-86.4021,13,-0.06,-0.4,CXON
1070,18:28:2,44,S,ASCENDING,588.6,N,N,N,25.05,1023.11,6.01,18:28:2,588.6,34.5816,-86.4014,13,-0.08,-0.36,CXON
1070,18:28:3,45,S,ASCENDING,591.5,N,N,N,24.87,1023.52,5.92,18:28:3,591.5,34.5726,-86.4014,13,-0.1,-0.4,CXON
1070,18:28:4,46,S,ASCENDING,619.3,N,N,N,25.36,1023.78,6.49,18:28:4,619.3,34.5709,-86.3984,13,-0.1,-0.43,CXON
1070,18:28:5,47,S,ASCENDING,626.8,N,N,N,25.31,1024.49,5.76,18:28:5,626.8,34.5675,-86.3909,13,-0.15,-0.4,CXON
1070,18:28:6,48,S,ASCENDING,653.8,N,N,N,24.73,1024.5,6.45,18:28:6,653.8,34.5579,-86.3905,13,-0.13,-0.44,CXON
1070,18:28:7,49,S,ASCENDING,655,N,N,N,24.91,1024.98,5.85,18:28:7,655,34.5519,-86.3879,13,-0.1,-0.39,CXON
1070,18:28:8,50,S,ASCENDING,677.7,N,N,N,25.44,1025.21,6.22,18:28:8,677.7,34.5474,-86.3845,13,-0.1,-0.34,CXON
1070,18:28:9,51,S,DESCENDING,701.4,N,N,N,24.86,1025.46,5.55,18:28:9,701.4,34.5398,-86.3779,13,-0.13,-0.32,CXON
1070,18:28:10,52,S,DESCENDING,693.6,N,N,N,24.89,1026.38,5.65,18:28:10,693.6,34.5321,-86.3754,13,-0.13,-0.3,CXON
1070,18:28:11,53,S,DESCENDING,684.3,N,N,N,24.58,1026.89,5.77,18:28:11,684.3,34.5311,-86.374,13,-0.16,-0.26,CXON
1070,18:28:12,54,S,DESCENDING,676.2,N,N,N,25.13,1027.14,6.47,18:28:12,676.2,34.5277,-86.3673,13,-0.13,-0.24,CXON
1070,18:28:14,55,S,DESCENDING,661.9,N,N,N,25,1027.56,5.96,18:28:14,661.9,34.5203,-86.3627,13,-0.16,-0.22,CXON
1070,18:28:15,56,S,DESCENDING,651.7,N,N,N,24.92,1028.3,6.16,18:28:15,651.7,34.5139,-86.3602,13,-0.17,-0.19,CXON
1070,18:28:16,57,S,DESCENDING,648.7,N,N,N,24.63,1028.59,6.01,18:28:16,648.7,34.504,-86.3538,13,-0.15,-0.2,CXON
1070,18:28:17,58,S,DESCENDING,636,N,N,N,25.01,1028.72,6.05,18:28:17,636,34.5011,-86.346,13,-0.19,-0.18,CXON
1070,18:28:18,59,S,DESCENDING,627.5,N,N,N,25.13,1029.11,5.5,18:28:18,627.5,34.4922,-86.3415,13,-0.18,-0.17,CXON
1070,18:28:19,60,S,DESCENDING,626.3,N,N,N,25.33,1029.92,5.57,18:28:19,626.3,34.4888,-86.3366,13,-0.17,-0.16,CXON
1070,18:28:20,61,S,DESCENDING,622.5,N,N,N,24.82,1030.71,5.58,18:28:20,622.5,34.4819,-86.3324,13,-0.22,-0.19,CXON
1070,18:28:21,62,S,DESCENDING,617,N,N,N,24.58,1031.27,5.73,18:28:21,617,34.4792,-86.3234,13,-0.2,-0.2,CXON
1070,18:28:22,63,S,DESCENDING,616.9,N,N,N,25.47,1031.94,5.86,18:28:22,616.9,34.4771,-86.3156,13,-0.17,-0.17,CXON
1070,18:28:23,64,S,DESCENDING,613.5,N,N,N,24.79,1032.55,5.95,18:28:23,613.5,34.4732,-86.3131,13,-0.22,-0.2,CXON
1070,18:28:24,65,S,DESCENDING,608.6,N,N,N,24.5,1033.46,5.74,18:28:24,608.6,34.4653,-86.3088,13,-0.23,-0.24,CXON
1070,18:28:25,66,S,DESCENDING,595.9,N,N,N,25.28,1033.98,5.6,18:28:25,595.9,34.4637,-86.3031,13,-0.27,-0.26,CXON
1070,18:28:26,67,S,DESCENDING,592.7,N,N,N,25.5,1034.91,5.6,18:28:26,592.7,34.4606,-86.2984,13,-0.31,-0.27,CXON
1070,18:28:27,68,S,DESCENDING,591.3,N,N,N,25.19,1035.7,5.53,18:28:27,591.3,34.4573,-86.2932,13,-0.33,-0.3,CXON
1070,18:28:28,69,S,DESCENDING,589.9,N,N,N,25.41,1036.07,5.66,18:28:28,589.9,34.4547,-86.2893,13,-0.36,-0.27,CXON
1070,18:28:29,70,S,DESCENDING,585.7,N,N,N,25.14,1036.39,6.13,18:28:29,585.7,34.4513,-86.2835,13,-0.37,-0.31,CXON
1070,18:28:30,71,S,DESCENDING,572.5,N,N,N,24.85,1036.77,6.3,18:28:30,572.5,34.4475,-86.2817,13,-0.38,-0.34,CXON
1070,18:28:31,72,S,DESCENDING,562.7,N,N,N,24.6,1036.93,5.53,18:28:31,562.7,34.4397,-86.2799,13,-0.33,-0.32,CXON
1070,18:28:32,73,S,DESCENDING,562.4,N,N,N,24.94,1037.18,6.11,18:28:32,562.4,34.4387,-86.2749,13,-0.36,-0.34,CXON
1070,18:28:33,74,S,DESCENDING,551.9,N,N,N,24.94,1038.1,5.71,18:28:33,551.9,34.434,-86.2655,13,-0.4,-0.31,CXON
1070,18:28:34,75,S,DESCENDING,551,N,N,N,24.52,1038.19,6.45,18:28:34,551,34.429,-86.2575,13,-0.4,-0.32,CXON
1070,18:28:35,76,S,DESCENDING,539.1,N,N,N,24.7,1038.51,6.45,18:28:35,539.1,34.4194,-86.2558,13,-0.42,-0.31,CXON
1070,18:28:36,77,S,DESCENDING,524.7,N,N,N,24.76,1039.13,5.69,18:28:36,524.7,34.4158,-86.2465,13,-0.41,-0.29,CXON
1070,18:28:37,78,S,DESCENDING,513.8,N,N,N,25.28,1039.2,6.26,18:28:37,513.8,34.4146,-86.2384,13,-0.41,-0.29,CXON
1070,18:28:38,79,S,DESCENDING,504.5,N,N,N,24.72,1039.25,6.13,18:28:38,504.5,34.41,-86.2337,13,-0.37,-0.28,CXON
1070,18:28:39,80,S,HSDEPLOYED,491.7,P,N,N,24.91,1039.86,5.96,18:28:39,491.7,34.4038,-86.2268,13,-0.39,-0.26,CXON
1070,18:28:40,81,S,HSDEPLOYED,474.7,P,N,N,25.28,1040.65,6.28,18:28:40,474.7,34.4007,-86.2265,13,-0.43,-0.29,CXON
1070,18:28:41,82,S,HSDEPLOYED,467.2,P,N,N,24.88,1041.42,5.79,18:28:41,467.2,34.3964,-86.2243,13,-0.45,-0.29,CXON
1070,18:28:42,83,S,HSDEPLOYED,462.4,P,N,N,24.91,1041.71,6.27,18:28:42,462.4,34.395,-86.2186,13,-0.47,-0.33,CXON
1070,18:28:43,84,S,HSDEPLOYED,449.3,P,N,N,25.14,1041.89,6.04,18:28:43,449.3,34.39,-86.2161,13,-0.51,-0.31,CXON
1070,18:28:44,85,S,HSDEPLOYED,448.8,P,N,N,24.91,1042.15,6.43,18:28:44,448.8,34.3829,-86.2076,13,-0.54,-0.35,CXON
1070,18:28:45,86,S,HSDEPLOYED,431.6,P,N,N,25.11,1042.89,6.11,18:28:45,431.6,34.3821,-86.2034,13,-0.51,-0.38,CXON
1070,18:28:46,87,S,HSDEPLOYED,428.3,P,N,N,24.6,1043.1,6,18:28:46,428.3,34.3727,-86.1952,13,-0.48,-0.41,CXON
1070,18:28:47,88,S,HSDEPLOYED,424.2,P,N,N,25.11,1043.35,6.12,18:28:47,424.2,34.372,-86.1899,13,-0.44,-0.41,CXON
1070,18:28:48,89,S,HSDEPLOYED,406.2,P,N,N,25.36,1044.13,6.33,18:28:48,406.2,34.3662,-86.187,13,-0.48,-0.36,CXON
1070,18:28:49,90,S,HSDEPLOYED,405.1,P,N,N,25.05,1044.55,5.98,18:28:49,405.1,34.3644,-86.1846,13,-0.46,-0.37,CXON
1070,18:28:50,91,S,HSDEPLOYED,403.1,P,N,N,25.27,1044.68,5.7,18:28:50,403.1,34.3568,-86.1765,13,-0.46,-0.4,CXON
1070,18:28:51,92,S,HSDEPLOYED,387.2,P,N,N,24.51,1045.22,6.48,18:28:51,387.2,34.3519,-86.1711,13,-0.41,-0.38,CXON
1070,18:28:52,93,S,HSDEPLOYED,376.4,P,N,N,24.97,1045.55,5.92,18:28:52,376.4,34.3465,-86.1647,13,-0.39,-0.4,CXON
1070,18:28:53,94,S,HSDEPLOYED,370.4,P,N,N,25.29,1045.74,6.14,18:28:53,370.4,34.3394,-86.1564,13,-0.38,-0.39,CXON
1070,18:28:54,95,S,HSDEPLOYED,357.3,P,N,N,24.52,1046.65,6.22,18:28:54,357.3,34.331,-86.1554,13,-0.33,-0.39,CXON
1070,18:28:55,96,S,HSDEPLOYED,357.1,P,N,N,24.67,1047.53,6.17,18:28:55,357.1,34.3234,-86.1514,13,-0.37,-0.4,CXON
1070,18:28:56,97,S,HSDEPLOYED,347.8,P,N,N,24.6,1047.6,5.69,18:28:56,347.8,34.3218,-86.1486,13,-0.41,-0.36,CXON
1070,18:28:57,98,S,HSDEPLOYED,347.3,P,N,N,25.45,1048.21,5.65,18:28:57,347.3,34.3144,-86.1479,13,-0.37,-0.36,CXON
1070,18:28:58,99,S,HSDEPLOYED,342.3,P,N,N,25.31,1048.93,6.05,18:28:58,342.3,34.3108,-86.139,13,-0.34,-0.38,CXON
1070,18:28:59,100,S,HSDEPLOYED,335.9,P,N,N,24.95,1049.06,6.28,18:28:59,335.9,34.3068,-86.1333,13,-0.38,-0.4,CXON
1070,18:29:0,101,S,HSDEPLOYED,332.7,P,N,N,25.11,1049.89,6.13,18:29:0,332.7,34.3047,-86.126,13,-0.37,-0.36,CXON
1070,18:29:1,102,S,HSDEPLOYED,327,P,N,N,24.97,1050.63,6,18:29:1,327,34.2952,-86.1229,13,-0.35,-0.37,CXON
1070,18:29:2,103,S,HSDEPLOYED,317.6,P,N,N,24.63,1050.64,5.51,18:29:2,317.6,34.2898,-86.1154,13,-0.35,-0.33,CXON
1070,18:29:3,104,S,HSDEPLOYED,298.6,P,N,N,24.66,1051.18,5.77,18:29:3,298.6,34.282,-86.108,13,-0.34,-0.37,CXON
1070,18:29:4,105,S,HSDEPLOYED,297.8,P,N,N,25.04,1051.87,5.77,18:29:4,297.8,34.2755,-86.1039,13,-0.3,-0.41,CXON
1070,18:29:5,106,S,HSDEPLOYED,279.7,P,N,N,25.2,1052.04,6.39,18:29:5,279.7,34.2692,-86.0976,13,-0.35,-0.44,CXON
1070,18:29:6,107,S,HSDEPLOYED,274.9,P,N,N,25.14,1052.56,5.59,18:29:6,274.9,34.2615,-86.0903,13,-0.34,-0.46,CXON
1070,18:29:7,108,S,HSDEPLOYED,257.8,P,N,N,25.36,1053.07,6.41,18:29:7,257.8,34.2546,-86.0873,13,-0.36,-0.43,CXON
1070,18:29:8,109,S,HSDEPLOYED,239.4,P,N,N,25.23,1053.4,5.78,18:29:8,239.4,34.2456,-86.0792,13,-0.35,-0.38,CXON
1070,18:29:9,110,S,HSDEPLOYED,221.2,P,N,N,24.62,1054.01,5.71,18:29:9,221.2,34.2375,-86.0716,13,-0.34,-0.4,CXON
1070,18:29:10,111,S,HSDEPLOYED,216.6,P,N,N,24.58,1054.17,5.97,18:29:10,216.6,34.2313,-86.0646,13,-0.35,-0.4,CXON
1070,18:29:11,112,S,HSDEPLOYED,204.6,P,N,N,25.2,1055.08,5.83,18:29:11,204.6,34.2309,-86.0633,13,-0.33,-0.36,CXON
1070,18:29:12,113,S,PCDEPLOYED,196.2,P,C,N,25.15,1055.94,6.32,18:29:12,196.2,34.2221,-86.0553,13,-0.31,-0.34,CXON
1070,18:29:13,114,S,PCDEPLOYED,191.8,P,C,N,25.42,1055.95,5.69,18:29:13,191.8,34.2124,-86.05,13,-0.29,-0.33,CXON
1070,18:29:14,115,S,PCDEPLOYED,191.4,P,C,N,24.52,1056.08,5.64,18:29:14,191.4,34.2042,-86.0402,13,-0.32,-0.38,CXON
1070,18:29:15,116,S,PCDEPLOYED,190.2,P,C,N,24.98,1056.27,6.41,18:29:15,190.2,34.2041,-86.0364,13,-0.37,-0.38,CXON
1070,18:29:16,117,S,PCDEPLOYED,187.1,P,C,N,24.94,1056.51,6.28,18:29:16,187.1,34.1946,-86.0323,13,-0.32,-0.41,CXON
1070,18:29:17,118,S,PCDEPLOYED,184.5,P,C,N,25.5,1056.65,5.97,18:29:17,184.5,34.1935,-86.0269,13,-0.31,-0.46,CXON
1070,18:29:18,119,S,PCDEPLOYED,180.5,P,C,N,24.91,1057.6,6.43,18:29:18,180.5,34.1886,-86.024,13,-0.33,-0.44,CXON
1070,18:29:19,120,S,PCDEPLOYED,180,P,C,N,24.6,1057.72,5.98,18:29:19,180,34.1793,-86.0205,13,-0.35,-0.47,CXON
1070,18:29:20,121,S,PCDEPLOYED,178,P,C,N,25.12,1058.24,5.81,18:29:20,178,34.1776,-86.0183,13,-0.31,-0.46,CXON
1070,18:29:21,122,S,PCDEPLOYED,174.1,P,C,N,25,1058.84,5.68,18:29:21,174.1,34.1725,-86.0122,13,-0.29,-0.44,CXON
1070,18:29:22,123,S,PCDEPLOYED,173.3,P,C,N,24.67,1058.96,5.53,18:29:22,173.3,34.166,-86.0064,13,-0.33,-0.46,CXON
1070,18:29:23,124,S,PCDEPLOYED,171.1,P,C,N,25.49,1059.46,5.82,18:29:23,171.1,34.165,-85.9975,13,-0.35,-0.5,CXON
1070,18:29:24,125,S,PCDEPLOYED,167.1,P,C,N,25.39,1059.58,5.67,18:29:24,167.1,34.1614,-85.9916,13,-0.32,-0.5,CXON
1070,18:29:25,126,S,PCDEPLOYED,165,P,C,N,24.92,1060.31,5.8,18:29:25,165,34.1601,-85.982,13,-0.32,-0.52,CXON
1070,18:29:26,127,S,PCDEPLOYED,164.1,P,C,N,25.48,1060.83,5.61,18:29:26,164.1,34.1581,-85.9744,13,-0.34,-0.56,CXON
1070,18:29:27,128,S,PCDEPLOYED,162.1,P,C,N,24.77,1061.77,6.21,18:29:27,162.1,34.1526,-85.9728,13,-0.34,-0.54,CXON
1070,18:29:28,129,S,PCDEPLOYED,158,P,C,N,24.66,1062.06,6.04,18:29:28,158,34.1446,-85.9728,13,-0.39,-0.53,CXON
1070,18:29:29,130,S,PCDEPLOYED,158,P,C,N,25.26,1062.2,5.91,18:29:29,158,34.1378,-85.9668,13,-0.43,-0.52,CXON
1070,18:29:30,131,S,PCDEPLOYED,153.3,P,C,N,25.33,1062.76,5.52,18:29:30,153.3,34.1286,-85.9627,13,-0.48,-0.52,CXON
1070,18:29:31,132,S,PCDEPLOYED,149.4,P,C,N,25.17,1063.36,5.79,18:29:31,149.4,34.1259,-85.9614,13,-0.45,-0.57,CXON
1070,18:29:32,133,S,PCDEPLOYED,146.7,P,C,N,25.32,1063.68,6.42,18:29:32,146.7,34.117,-85.9605,13,-0.47,-0.59,CXON
1070,18:29:33,134,S,PCDEPLOYED,146.4,P,C,N,24.9,1064.67,6.47,18:29:33,146.4,34.116,-85.955,13,-0.5,-0.57,CXON
1070,18:29:34,135,S,PCDEPLOYED,143.8,P,C,N,25.18,1065.28,5.89,18:29:34,143.8,34.1099,-85.9469,13,-0.51,-0.58,CXON
1070,18:29:35,136,S,PCDEPLOYED,139.6,P,C,N,25.23,1065.81,6.32,18:29:35,139.6,34.1022,-85.9413,13,-0.47,-0.62,CXON
1070,18:29:36,137,S,PCDEPLOYED,136.1,P,C,N,24.66,1066.02,5.76,18:29:36,136.1,34.0933,-85.9357,13,-0.42,-0.61,CXON
1070,18:29:37,138,S,PCDEPLOYED,133.4,P,C,N,24.92,1066.4,6.41,18:29:37,133.4,34.0848,-85.9313,13,-0.45,-0.6,CXON
1070,18:29:38,139,S,PCDEPLOYED,131,P,C,N,25.24,1067.3,6.19,18:29:38,131,34.0766,-85.9272,13,-0.48,-0.63,CXON
1070,18:29:39,140,S,PCDEPLOYED,129.6,P,C,N,25.18,1067.45,5.9,18:29:39,129.6,34.0751,-85.9208,13,-0.45,-0.68,CXON
1070,18:29:40,141,S,PCDEPLOYED,125.2,P,C,N,24.63,1068.33,6.34,18:29:40,125.2,34.0684,-85.9187,13,-0.42,-0.69,CXON
1070,18:29:41,142,S,PCDEPLOYED,124.8,P,C,N,25.28,1069.3,5.86,18:29:41,124.8,34.0642,-85.9106,13,-0.41,-0.71,CXON
1070,18:29:42,143,S,PCDEPLOYED,121.8,P,C,N,25.18,1070.13,6.04,18:29:42,121.8,34.0603,-85.9102,13,-0.44,-0.73,CXON
1070,18:29:43,144,S,PCDEPLOYED,119.1,P,C,N,25.25,1070.29,6.21,18:29:43,119.1,34.056,-85.9086,13,-0.4,-0.73,CXON
1070,18:29:44,145,S,PCDEPLOYED,115.4,P,C,N,25.15,1070.53,5.75,18:29:44,115.4,34.0497,-85.9005,13,-0.4,-0.77,CXON
1070,18:29:45,146,S,PCDEPLOYED,112.1,P,C,N,25.27,1070.86,5.69,18:29:45,112.1,34.0479,-85.8958,13,-0.43,-0.81,CXON
1070,18:29:46,147,S,PCDEPLOYED,111.1,P,C,N,24.79,1071.31,6.24,18:29:46,111.1,34.0419,-85.8925,13,-0.38,-0.78,CXON
1070,18:29:47,148,S,PCDEPLOYED,106.3,P,C,N,25.35,1072.25,6.16,18:29:47,106.3,34.0413,-85.883,13,-0.4,-0.81,CXON
1070,18:29:48,149,S,PCDEPLOYED,105.1,P,C,N,25.31,1072.88,5.66,18:29:48,105.1,34.0354,-85.8824,13,-0.42,-0.79,CXON
1070,18:29:49,150,S,PCDEPLOYED,103.2,P,C,N,25.43,1073.57,6.39,18:29:49,103.2,34.0336,-85.8814,13,-0.45,-0.84,CXON
1070,18:29:50,151,S,PCDEPLOYED,101.8,P,C,N,25.1,1073.96,5.81,18:29:50,101.8,34.0293,-85.8764,13,-0.42,-0.87,CXON
1070,18:29:51,152,S,PCDEPLOYED,99.6,P,C,N,25.06,1074.91,6.43,18:29:51,99.6,34.0225,-85.8726,13,-0.45,-0.84,CXON
1070,18:29:52,153,S,PCDEPLOYED,98.2,P,C,N,25.14,1075.51,6.41,18:29:52,98.2,34.0152,-85.8716,13,-0.4,-0.88,CXON
1070,18:29:53,154,S,PCDEPLOYED,95.2,P,C,N,25.27,1076.37,6.35,18:29:53,95.2,34.0061,-85.867,13,-0.36,-0.87,CXON
1070,18:29:54,155,S,PCDEPLOYED,91.4,P,C,N,24.72,1076.62,5.64,18:29:54,91.4,33.9974,-85.8667,13,-0.33,-0.89,CXON
1070,18:29:55,156,S,PCDEPLOYED,87.4,P,C,N,24.75,1077.59,5.96,18:29:55,87.4,33.9926,-85.8583,13,-0.35,-0.89,CXON
1070,18:29:56,157,S,PCDEPLOYED,85.7,P,C,N,25.01,1078.55,6.47,18:29:56,85.7,33.9906,-85.8513,13,-0.32,-0.89,CXON
1070,18:29:58,158,S,PCDEPLOYED,81.9,P,C,N,24.58,1078.83,6.37,18:29:58,81.9,33.984,-85.8471,13,-0.33,-0.87,CXON
1070,18:29:59,159,S,PCDEPLOYED,80.4,P,C,N,24.85,1079.5,5.86,18:29:59,80.4,33.9803,-85.8401,13,-0.32,-0.88,CXON
1070,18:30:0,160,S,PCDEPLOYED,76.4,P,C,N,25.13,1080.46,5.89,18:30:0,76.4,33.9735,-85.8381,13,-0.31,-0.84,CXON
1070,18:30:1,161,S,PCDEPLOYED,72.3,P,C,N,25.07,1081.38,6.04,18:30:1,72.3,33.9732,-85.8346,13,-0.27,-0.8,CXON
1070,18:30:2,162,S,PCDEPLOYED,68.3,P,C,N,25.38,1082.26,6.3,18:30:2,68.3,33.965,-85.8311,13,-0.28,-0.79,CXON
1070,18:30:3,163,S,PCDEPLOYED,65.9,P,C,N,25.38,1082.91,5.95,18:30:3,65.9,33.9586,-85.8253,13,-0.31,-0.77,CXON
1070,18:30:4,164,S,PCDEPLOYED,63.5,P,C,N,25.36,1083.29,5.85,18:30:4,63.5,33.9533,-85.8194,13,-0.35,-0.72,CXON
1070,18:30:5,165,S,PCDEPLOYED,60.5,P,C,N,24.88,1083.95,5.96,18:30:5,60.5,33.951,-85.8094,13,-0.36,-0.71,CXON
1070,18:30:6,166,S,PCDEPLOYED,58.1,P,C,N,25.45,1084.1,6.16,18:30:6,58.1,33.9507,-85.8001,13,-0.36,-0.7,CXON
1070,18:30:7,167,S,PCDEPLOYED,54.7,P,C,N,24.66,1084.12,5.92,18:30:7,54.7,33.9472,-85.7961,13,-0.38,-0.72,CXON
1070,18:30:8,168,S,PCDEPLOYED,52.4,P,C,N,25.35,1084.49,6.29,18:30:8,52.4,33.9411,-85.7956,13,-0.4,-0.7,CXON
1070,18:30:9,169,S,PCDEPLOYED,47.7,P,C,N,24.53,1084.6,5.65,18:30:9,47.7,33.9395,-85.792,13,-0.43,-0.73,CXON
1070,18:30:10,170,S,PCDEPLOYED,45,P,C,N,25.1,1084.98,6.33,18:30:10,45,33.9328,-85.7885,13,-0.46,-0.68,CXON
1070,18:30:11,171,S,PCDEPLOYED,44.5,P,C,N,25.47,1085.87,6.37,18:30:11,44.5,33.9248,-85.7799,13,-0.5,-0.72,CXON
1070,18:30:12,172,S,PCDEPLOYED,41.1,P,C,N,24.93,1085.97,5.9,18:30:12,41.1,33.9154,-85.7705,13,-0.47,-0.74,CXON
1070,18:30:13,173,S,PCDEPLOYED,36.8,P,C,N,25.13,1086.9,5.87,18:30:13,36.8,33.9078,-85.7613,13,-0.49,-0.77,CXON
1070,18:30:14,174,S,PCDEPLOYED,36.1,P,C,N,25.31,1087.73,5.68,18:30:14,36.1,33.9043,-85.7608,13,-0.52,-0.76,CXON
1070,18:30:15,175,S,PCDEPLOYED,35.1,P,C,N,25.24,1088.41,5.63,18:30:15,35.1,33.8966,-85.7561,13,-0.52,-0.78,CXON
1070,18:30:16,176,S,PCDEPLOYED,31.3,P,C,N,25.01,1088.96,5.79,18:30:16,31.3,33.8902,-85.7512,13,-0.56,-0.81,CXON
1070,18:30:17,177,S,PCDEPLOYED,27.6,P,C,N,24.6,1089.27,6.49,18:30:17,27.6,33.887,-85.7415,13,-0.51,-0.79,CXON
1070,18:30:18,178,S,PCDEPLOYED,24.3,P,C,N,24.53,1089.52,5.94,18:30:18,24.3,33.8784,-85.7398,13,-0.51,-0.83,CXON
1070,18:30:19,179,S,PCDEPLOYED,20.3,P,C,N,25.01,1090.19,6.21,18:30:19,20.3,33.8735,-85.7388,13,-0.49,-0.82,CXON
1070,18:30:20,180,S,PCDEPLOYED,15.5,P,C,N,25.12,1090.23,5.77,18:30:20,15.5,33.8695,-85.7311,13,-0.49,-0.79,CXON
1070,18:30:21,181,S,PCDEPLOYED,13.5,P,C,N,25.24,1090.78,5.99,18:30:21,13.5,33.8634,-85.726,13,-0.5,-0.77,CXON
1070,18:30:22,182,S,PCDEPLOYED,12.1,P,C,N,25.46,1091.52,6.35,18:30:22,12.1,33.8574,-85.7252,13,-0.53,-0.73,CXON
1070,18:30:23,183,S,PCDEPLOYED,7.4,P,C,N,25.21,1092.42,6.37,18:30:23,7.4,33.8478,-85.7233,13,-0.55,-0.77,CXON
1070,18:30:24,184,S,PCDEPLOYED,4.5,P,C,N,24.68,1093.27,6.04,18:30:24,4.5,33.841,-85.7188,13,-0.51,-0.73,CXON
1070,18:30:25,185,S,PCDEPLOYED,3.5,P,C,N,24.87,1094.15,5.81,18:30:25,3.5,33.84,-85.7185,13,-0.51,-0.69,CXON
1070,18:30:26,186,S,LANDED,-0.2,P,C,M,25.29,1094.93,6.36,18:30:26,-0.2,33.8381,-85.7158,13,-0.49,-0.71,CXON
1070,18:30:27,187,S,LANDED,0,P,C,M,25.48,1095.04,6.33,18:30:27,0,33.8282,-85.7142,13,-0.48,-0.69,CXON
1070,18:30:28,188,S,LANDED,0.1,P,C,M,24.52,1095.13,5.96,18:30:28,0.1,33.8208,-85.708,13,-0.49,-0.69,CXON
1070,18:30:29,189,S,LANDED,-0.1,P,C,M,24.92,1095.17,6.17,18:30:29,-0.1,33.8151,-85.7024,13,-0.47,-0.67,CXON
1070,18:30:30,190,S,LANDED,-0,P,C,M,24.84,1095.6,6.34,18:30:30,-0,33.8117,-85.7001,13,-0.48,-0.69,CXON
1070,18:30:31,191,S,LANDED,0.1,P,C,M,25.12,1096.25,5.54,18:30:31,0.1,33.8085,-85.6958,13,-0.46,-0.72,CXON
1070,18:30:32,192,S,LANDED,0.1,P,C,M,25.21,1097.24,6.02,18:30:32,0.1,33.8071,-85.689,13,-0.42,-0.69,CXON
1070,18:30:33,193,S,LANDED,-0,P,C,M,25.45,1097.38,5.79,18:30:33,-0,33.7999,-85.6854,13,-0.38,-0.68,CXON
1070,18:30:34,194,S,LANDED,-0,P,C,M,25.05,1097.48,5.97,18:30:34,-0,33.7965,-85.683,13,-0.41,-0.73,CXON
1070,18:30:35,195,S,LANDED,-0.1,P,C,M,25.39,1097.98,6.21,18:30:35,-0.1,33.7953,-85.6794,13,-0.46,-0.78,CXON
1070,18:30:36,196,S,LANDED,0.1,P,C,M,24.53,1098.34,6.48,18:30:36,0.1,33.7939,-85.6778,13,-0.46,-0.73,CXON
1070,18:30:37,197,S,LANDED,0,P,C,M,24.66,1098.52,5.55,18:30:37,0,33.7869,-85.6721,13,-0.49,-0.71,CXON
1070,18:30:38,198,S,LANDED,0.1,P,C,M,24.76,1098.56,5.66,18:30:38,0.1,33.786,-85.6697,13,-0.51,-0.74,CXON
1070,18:30:39,199,S,LANDED,-0.1,P,C,M,24.61,1098.97,6.33,18:30:39,-0.1,33.7842,-85.6661,13,-0.53,-0.75,CXON
1070,18:30:40,200,S,LANDED,0.1,P,C,M,24.55,1099.24,6.09,18:30:40,0.1,33.7805,-85.6629,13,-0.48,-0.76,CXON
1070,19:34:38,1,S,READY,0.4,N,N,N,25.1,1000.94,6.16,19:34:38,0.4,34.8158,-86.6331,13,-0.04,-0.03,CXON
1070,19:34:39,2,S,READY,1.2,N,N,N,24.6,1001.24,6.02,19:34:39,1.2,34.8137,-86.6293,13,-0.06,-0.03,CXON
1070,19:34:40,3,S,READY,1.4,N,N,N,24.78,1001.53,6.18,19:34:40,1.4,34.8117,-86.6257,13,-0.05,0.01,CXON
1070,19:34:41,4,S,READY,1.6,N,N,N,24.79,1001.83,6.25,19:34:41,1.6,34.803,-86.6187,13,-0.05,-0.04,CXON
1070,19:34:42,5,S,READY,1.7,N,N,N,24.66,1002.44,6.48,19:34:42,1.7,34.7971,-86.6181,13,-0.03,-0.06,CXON
1070,19:34:43,6,S,READY,2,N,N,N,24.67,1002.98,6.04,19:34:43,2,34.7929,-86.6128,13,-0.05,-0.08,CXON
1070,19:34:44,7,S,READY,2.3,N,N,N,25.29,1003.34,6.38,19:34:44,2.3,34.784,-86.6118,13,-0,-0.12,CXON
1070,19:34:45,8,S,READY,2.6,N,N,N,24.72,1004.02,5.74,19:34:45,2.6,34.7747,-86.6044,13,0.03,-0.1,CXON
1070,19:36:23,1,S,READY,0.4,N,N,N,25.1,1000.94,6.16,19:36:23,0.4,34.8158,-86.6331,13,-0.04,-0.03,CXON
1070,19:36:24,2,S,READY,1.2,N,N,N,24.6,1001.24,6.02,19:36:24,1.2,34.8137,-86.6293,13,-0.06,-0.03,CXON
1070,19:36:25,3,S,READY,1.4,N,N,N,24.78,1001.53,6.18,19:36:25,1.4,34.8117,-86.6257,13,-0.05,0.01,CXON
1070,19:36:26,4,S,READY,1.6,N,N,N,24.79,1001.83,6.25,19:36:26,1.6,34.803,-86.6187,13,-0.05,-0.04,CXON
1070,19:36:27,5,S,READY,1.7,N,N,N,24.66,1002.44,6.48,19:36:27,1.7,34.7971,-86.6181,13,-0.03,-0.06,CXON
1070,19:36:28,6,S,READY,2,N,N,N,24.67,1002.98,6.04,19:36:28,2,34.7929,-86.6128,13,-0.05,-0.08,CXON
1070,19:36:29,7,S,READY,2.3,N,N,N,25.29,1003.34,6.38,19:36:29,2.3,34.784,-86.6118,13,-0,-0.12,CXON
1070,19:36:30,8,S,READY,2.6,N,N,N,24.72,1004.02,5.74,19:36:30,2.6,34.7747,-86.6044,13,0.03,-0.1,CXON
1070,19:36:31,9,S,READY,3.3,N,N,N,24.68,1004.45,6.4,19:36:31,3.3,34.7649,-86.5952,13,-0.01,-0.1,CXON
1070,19:36:32,10,S,READY,4,N,N,N,25.43,1005.4,5.85,19:36:32,4,34.7578,-86.5896,13,0,-0.09,CXON
1070,19:36:33,11,S,READY,5,N,N,N,25.26,1005.8,5.63,19:36:33,5,34.7488,-86.5864,13,0.02,-0.08,CXON
1070,19:36:34,12,S,ASCENDING,5.4,N,N,N,24.59,1006.47,6.12,19:36:34,5.4,34.7464,-86.581,13,-0.01,-0.11,CXON
1070,19:36:35,13,S,ASCENDING,17.7,N,N,N,25.13,1006.6,5.78,19:36:35,17.7,34.7421,-86.5747,13,-0,-0.1,CXON
1070,19:36:36,14,S,ASCENDING,39.8,N,N,N,25.23,1007.43,5.5,19:36:36,39.8,34.7381,-86.5697,13,0.01,-0.11,CXON
1070,19:36:37,15,S,ASCENDING,67.3,N,N,N,24.53,1007.43,5.5,19:36:37,67.3,34.7322,-86.5641,13,0.04,-0.07,CXON
1070,19:36:38,16,S,ASCENDING,92.7,N,N,N,24.96,1008.03,5.53,19:36:38,92.7,34.7297,-86.5577,13,0.01,-0.1,CXON
1070,19:36:39,17,S,ASCENDING,93.6,N,N,N,25.09,1008.84,6.19,19:36:39,93.6,34.7243,-86.5479,13,0.04,-0.12,CXON
1070,19:36:40,18,S,ASCENDING,118.6,N,N,N,25.25,1008.99,5.86,19:36:40,118.6,34.722,-86.5416,13,0.04,-0.16,CXON
1070,19:36:41,19,S,ASCENDING,146.5,N,N,N,24.53,1009.38,6.09,19:36:41,146.5,34.7163,-86.5357,13,0.03,-0.15,CXON
1070,19:36:42,20,S,ASCENDING,149.7,N,N,N,24.99,1010.34,6.3,19:36:42,149.7,34.7085,-86.5318,13,-0.01,-0.18,CXON
1070,19:36:43,21,S,ASCENDING,165.3,N,N,N,25.24,1010.99,5.6,19:36:43,165.3,34.7075,-86.5303,13,-0.05,-0.2,CXON
1070,19:36:44,22,S,ASCENDING,181.5,N,N,N,24.66,1011.13,5.82,19:36:44,181.5,34.7018,-86.5252,13,-0.03,-0.18,CXON
1070,19:36:45,23,S,ASCENDING,200.6,N,N,N,25.02,1011.78,6.22,19:36:45,200.6,34.7017,-86.5249,13,-0.07,-0.19,CXON
1070,19:36:46,24,S,ASCENDING,208.2,N,N,N,25.33,1012.13,5.84,19:36:46,208.2,34.6995,-86.5193,13,-0.08,-0.19,CXON
1070,19:36:47,25,S,ASCENDING,229.2,N,N,N,24.67,1012.46,6.33,19:36:47,229.2,34.6989,-86.5093,13,-0.09,-0.23,CXON
1070,19:36:48,26,S,ASCENDING,250.6,N,N,N,25.28,1012.55,5.55,19:36:48,250.6,34.6964,-86.5008,13,-0.04,-0.26,CXON
1070,19:36:49,27,S,ASCENDING,270,N,N,N,24.52,1013.5,5.59,19:36:49,270,34.6933,-86.4963,13,-0.04,-0.3,CXON
1070,19:36:50,28,S,ASCENDING,298.5,N,N,N,25.17,1013.9,6.4,19:36:50,298.5,34.6901,-86.4913,13,-0.05,-0.35,CXON
1070,19:36:51,29,S,ASCENDING,325.1,N,N,N,25.15,1014.33,5.84,19:36:51,325.1,34.6877,-86.4836,13,-0.1,-0.33,CXON
1070,19:36:52,30,S,ASCENDING,346.8,N,N,N,25.13,1014.84,5.57,19:36:52,346.8,34.6789,-86.4738,13,-0.07,-0.3,CXON
1070,19:36:53,31,S,ASCENDING,371.9,N,N,N,24.75,1015.75,5.58,19:36:53,371.9,34.6726,-86.4663,13,-0.06,-0.34,CXON
1070,19:36:54,32,S,ASCENDING,401.8,N,N,N,24.51,1016.33,5.57,19:36:54,401.8,34.6661,-86.4564,13,-0.03,-0.36,CXON
1070,19:36:55,33,S,ASCENDING,407.3,N,N,N,25.16,1017.29,5.81,19:36:55,407.3,34.6564,-86.4481,13,-0.05,-0.33,CXON
1070,19:36:56,34,S,ASCENDING,434.2,N,N,N,24.92,1018.01,5.91,19:36:56,434.2,34.6468,-86.4479,13,-0.02,-0.34,CXON
1070,19:36:57,35,S,ASCENDING,459.9,N,N,N,24.52,1018.44,6.4,19:36:57,459.9,34.6464,-86.4413,13,-0.04,-0.34,CXON
1070,19:36:58,36,S,ASCENDING,467.7,N,N,N,25.34,1018.46,5.62,19:36:58,467.7,34.6381,-86.4382,13,-0.09,-0.3,CXON
1070,19:36:59,37,S,ASCENDING,490.8,N,N,N,24.87,1018.56,6.14,19:36:59,490.8,34.6302,-86.4356,13,-0.11,-0.33,CXON
1070,19:37:0,38,S,ASCENDING,508.2,N,N,N,25.32,1018.91,6.1,19:37:0,508.2,34.6261,-86.4344,13,-0.07,-0.37,CXON
1070,19:37:1,39,S,ASCENDING,518.7,N,N,N,24.73,1019.23,5.85,19:37:1,518.7,34.6231,-86.4247,13,-0.05,-0.4,CXON
1070,19:37:2,40,S,ASCENDING,522.7,N,N,N,25.46,1019.53,6.31,19:37:2,522.7,34.6136,-86.4183,13,-0,-0.37,CXON
1070,19:37:3,41,S,ASCENDING,537.5,N,N,N,24.68,1020.47,6.33,19:37:3,537.5,34.605,-86.4112,13,-0.02,-0.38,CXON
1070,19:37:4,42,S,ASCENDING,546.2,N,N,N,25.41,1021.41,6,19:37:4,546.2,34.5952,-86.4067,13,-0.07,-0.4,CXON
1070,19:37:5,43,S,ASCENDING,566.3,N,N,N,25.45,1022.16,6.04,19:37:5,566.3,34.5865,-86.4021,13,-0.06,-0.4,CXON
1070,19:37:6,44,S,ASCENDING,588.6,N,N,N,25.05,1023.11,6.01,19:37:6,588.6,34.5816,-86.4014,13,-0.08,-0.36,CXON
1070,19:37:7,45,S,ASCENDING,591.5,N,N,N,24.87,1023.52,5.92,19:37:7,591.5,34.5726,-86.4014,13,-0.1,-0.4,CXON
1070,19:37:8,46,S,ASCENDING,619.3,N,N,N,25.36,1023.78,6.49,19:37:8,619.3,34.5709,-86.3984,13,-0.1,-0.43,CXON
1070,19:37:9,47,S,ASCENDING,626.8,N,N,N,25.31,1024.49,5.76,19:37:9,626.8,34.5675,-86.3909,13,-0.15,-0.4,CXON
1070,19:37:10,48,S,ASCENDING,653.8,N,N,N,24.73,1024.5,6.45,19:37:10,653.8,34.5579,-86.3905,13,-0.13,-0.44,CXON
1070,19:37:11,49,S,ASCENDING,655,N,N,N,24.91,1024.98,5.85,19:37:11,655,34.5519,-86.3879,13,-0.1,-0.39,CXON
1070,19:37:12,50,S,ASCENDING,677.7,N,N,N,25.44,1025.21,6.22,19:37:12,677.7,34.5474,-86.3845,13,-0.1,-0.34,CXON
1070,19:37:13,51,S,DESCENDING,701.4,N,N,N,24.86,1025.46,5.55,19:37:13,701.4,34.5398,-86.3779,13,-0.13,-0.32,CXON
1070,19:37:14,52,S,DESCENDING,693.6,N,N,N,24.89,1026.38,5.65,19:37:14,693.6,34.5321,-86.3754,13,-0.13,-0.3,CXON
1070,19:37:15,53,S,DESCENDING,684.3,N,N,N,24.58,1026.89,5.77,19:37:15,684.3,34.5311,-86.374,13,-0.16,-0.26,CXON
1070,19:37:16,54,S,DESCENDING,676.2,N,N,N,25.13,1027.14,6.47,19:37:16,676.2,34.5277,-86.3673,13,-0.13,-0.24,CXON
1070,19:37:17,55,S,DESCENDING,661.9,N,N,N,25,1027.56,5.96,19:37:17,661.9,34.5203,-86.3627,13,-0.16,-0.22,CXON
1070,19:37:18,56,S,DESCENDING,651.7,N,N,N,24.92,1028.3,6.16,19:37:18,651.7,34.5139,-86.3602,13,-0.17,-0.19,CXON
1070,19:37:19,57,S,DESCENDING,648.7,N,N,N,24.63,1028.59,6.01,19:37:19,648.7,34.504,-86.3538,13,-0.15,-0.2,CXON
1070,19:37:20,58,S,DESCENDING,636,N,N,N,25.01,1028.72,6.05,19:37:20,636,34.5011,-86.346,13,-0.19,-0.18,CXON
1070,19:37:21,59,S,DESCENDING,627.5,N,N,N,25.13,1029.11,5.5,19:37:21,627.5,34.4922,-86.3415,13,-0.18,-0.17,CXON
1070,19:37:22,60,S,DESCENDING,626.3,N,N,N,25.33,1029.92,5.57,19:37:22,626.3,34.4888,-86.3366,13,-0.17,-0.16,CXON
1070,19:37:23,61,S,DESCENDING,622.5,N,N,N,24.82,1030.71,5.58,19:37:23,622.5,34.4819,-86.3324,13,-0.22,-0.19,CXON
1070,19:37:24,62,S,DESCENDING,617,N,N,N,24.58,1031.27,5.73,19:37:24,617,34.4792,-86.3234,13,-0.2,-0.2,CXON
1070,19:37:25,63,S,DESCENDING,616.9,N,N,N,25.47,1031.94,5.86,19:37:25,616.9,34.4771,-86.3156,13,-0.17,-0.17,CXON
1070,19:37:26,64,S,DESCENDING,613.5,N,N,N,24.79,1032.55,5.95,19:37:26,613.5,34.4732,-86.3131,13,-0.22,-0.2,CXON
1070,19:37:27,65,S,DESCENDING,608.6,N,N,N,24.5,1033.46,5.74,19:37:27,608.6,34.4653,-86.3088,13,-0.23,-0.24,CXON
1070,19:37:28,66,S,DESCENDING,595.9,N,N,N,25.28,1033.98,5.6,19:37:28,595.9,34.4637,-86.3031,13,-0.27,-0.26,CXON
1070,19:37:29,67,S,DESCENDING,592.7,N,N,N,25.5,1034.91,5.6,19:37:29,592.7,34.4606,-86.2984,13,-0.31,-0.27,CXON
1070,19:37:30,68,S,DESCENDING,591.3,N,N,N,25.19,1035.7,5.53,19:37:30,591.3,34.4573,-86.2932,13,-0.33,-0.3,CXON
1070,19:37:31,69,S,DESCENDING,589.9,N,N,N,25.41,1036.07,5.66,19:37:31,589.9,34.4547,-86.2893,13,-0.36,-0.27,CXON
1070,19:37:32,70,S,DESCENDING,585.7,N,N,N,25.14,1036.39,6.13,19:37:32,585.7,34.4513,-86.2835,13,-0.37,-0.31,CXON
1070,19:37:33,71,S,DESCENDING,572.5,N,N,N,24.85,1036.77,6.3,19:37:33,572.5,34.4475,-86.2817,13,-0.38,-0.34,CXON
1070,19:37:34,72,S,DESCENDING,562.7,N,N,N,24.6,1036.93,5.53,19:37:34,562.7,34.4397,-86.2799,13,-0.33,-0.32,CXON
1070,19:37:35,73,S,DESCENDING,562.4,N,N,N,24.94,1037.18,6.11,19:37:35,562.4,34.4387,-86.2749,13,-0.36,-0.34,CXON
1070,19:37:36,74,S,DESCENDING,551.9,N,N,N,24.94,1038.1,5.71,19:37:36,551.9,34.434,-86.2655,13,-0.4,-0.31,CXON
1070,19:37:37,75,S,DESCENDING,551,N,N,N,24.52,1038.19,6.45,19:37:37,551,34.429,-86.2575,13,-0.4,-0.32,CXON
1070,19:37:38,76,S,DESCENDING,539.1,N,N,N,24.7,1038.51,6.45,19:37:38,539.1,34.4194,-86.2558,13,-0.42,-0.31,CXON
1070,19:37:39,77,S,DESCENDING,524.7,N,N,N,24.76,1039.13,5.69,19:37:39,524.7,34.4158,-86.2465,13,-0.41,-0.29,CXON
1070,19:37:40,78,S,DESCENDING,513.8,N,N,N,25.28,1039.2,6.26,19:37:40,513.8,34.4146,-86.2384,13,-0.41,-0.29,CXON
1070,19:37:42,79,S,DESCENDING,504.5,N,N,N,24.72,1039.25,6.13,19:37:42,504.5,34.41,-86.2337,13,-0.37,-0.28,CXON
1070,19:37:43,80,S,HSDEPLOYED,491.7,P,N,N,24.91,1039.86,5.96,19:37:43,491.7,34.4038,-86.2268,13,-0.39,-0.26,CXON
1070,19:37:44,81,S,HSDEPLOYED,474.7,P,N,N,25.28,1040.65,6.28,19:37:44,474.7,34.4007,-86.2265,13,-0.43,-0.29,CXON
1070,19:37:45,82,S,HSDEPLOYED,467.2,P,N,N,24.88,1041.42,5.79,19:37:45,467.2,34.3964,-86.2243,13,-0.45,-0.29,CXON
1070,19:37:46,83,S,HSDEPLOYED,462.4,P,N,N,24.91,1041.71,6.27,19:37:46,462.4,34.395,-86.2186,13,-0.47,-0.33,CXON
1070,19:37:47,84,S,HSDEPLOYED,449.3,P,N,N,25.14,1041.89,6.04,19:37:47,449.3,34.39,-86.2161,13,-0.51,-0.31,CXON
1070,19:37:48,85,S,HSDEPLOYED,448.8,P,N,N,24.91,1042.15,6.43,19:37:48,448.8,34.3829,-86.2076,13,-0.54,-0.35,CXON
1070,19:37:49,86,S,HSDEPLOYED,431.6,P,N,N,25.11,1042.89,6.11,19:37:49,431.6,34.3821,-86.2034,13,-0.51,-0.38,CXON
1070,19:37:50,87,S,HSDEPLOYED,428.3,P,N,N,24.6,1043.1,6,19:37:50,428.3,34.3727,-86.1952,13,-0.48,-0.41,CXON
1070,19:37:51,88,S,HSDEPLOYED,424.2,P,N,N,25.11,1043.35,6.12,19:37:51,424.2,34.372,-86.1899,13,-0.44,-0.41,CXON
1070,19:37:52,89,S,HSDEPLOYED,406.2,P,N,N,25.36,1044.13,6.33,19:37:52,406.2,34.3662,-86.187,13,-0.48,-0.36,CXON
1070,19:37:53,90,S,HSDEPLOYED,405.1,P,N,N,25.05,1044.55,5.98,19:37:53,405.1,34.3644,-86.1846,13,-0.46,-0.37,CXON
1070,19:37:54,91,S,HSDEPLOYED,403.1,P,N,N,25.27,1044.68,5.7,19:37:54,403.1,34.3568,-86.1765,13,-0.46,-0.4,CXON
1070,19:37:55,92,S,HSDEPLOYED,387.2,P,N,N,24.51,1045.22,6.48,19:37:55,387.2,34.3519,-86.1711,13,-0.41,-0.38,CXON
1070,19:37:56,93,S,HSDEPLOYED,376.4,P,N,N,24.97,1045.55,5.92,19:37:56,376.4,34.3465,-86.1647,13,-0.39,-0.4,CXON
1070,19:37:57,94,S,HSDEPLOYED,370.4,P,N,N,25.29,1045.74,6.14,19:37:57,370.4,34.3394,-86.1564,13,-0.38,-0.39,CXON
1070,19:37:58,95,S,HSDEPLOYED,357.3,P,N,N,24.52,1046.65,6.22,19:37:58,357.3,34.331,-86.1554,13,-0.33,-0.39,CXON
1070,19:37:59,96,S,HSDEPLOYED,357.1,P,N,N,24.67,1047.53,6.17,19:37:59,357.1,34.3234,-86.1514,13,-0.37,-0.4,CXON
1070,19:38:0,97,S,HSDEPLOYED,347.8,P,N,N,24.6,1047.6,5.69,19:38:0,347.8,34.3218,-86.1486,13,-0.41,-0.36,CXON
1070,19:38:1,98,S,HSDEPLOYED,347.3,P,N,N,25.45,1048.21,5.65,19:38:1,347.3,34.3144,-86.1479,13,-0.37,-0.36,CXON
1070,19:38:2,99,S,HSDEPLOYED,342.3,P,N,N,25.31,1048.93,6.05,19:38:2,342.3,34.3108,-86.139,13,-0.34,-0.38,CXON
1070,19:38:3,100,S,HSDEPLOYED,335.9,P,N,N,24.95,1049.06,6.28,19:38:3,335.9,34.3068,-86.1333,13,-0.38,-0.4,CXON
1070,19:38:4,101,S,HSDEPLOYED,332.7,P,N,N,25.11,1049.89,6.13,19:38:4,332.7,34.3047,-86.126,13,-0.37,-0.36,CXON
1070,19:38:5,102,S,HSDEPLOYED,327,P,N,N,24.97,1050.63,6,19:38:5,327,34.2952,-86.1229,13,-0.35,-0.37,CXON
1070,19:38:6,103,S,HSDEPLOYED,317.6,P,N,N,24.63,1050.64,5.51,19:38:6,317.6,34.2898,-86.1154,13,-0.35,-0.33,CXON
1070,19:38:7,104,S,HSDEPLOYED,298.6,P,N,N,24.66,1051.18,5.77,19:38:7,298.6,34.282,-86.108,13,-0.34,-0.37,CXON
1070,19:38:8,105,S,HSDEPLOYED,297.8,P,N,N,25.04,1051.87,5.77,19:38:8,297.8,34.2755,-86.1039,13,-0.3,-0.41,CXON
1070,19:38:9,106,S,HSDEPLOYED,279.7,P,N,N,25.2,1052.04,6.39,19:38:9,279.7,34.2692,-86.0976,13,-0.35,-0.44,CXON
1070,19:38:10,107,S,HSDEPLOYED,274.9,P,N,N,25.14,1052.56,5.59,19:38:10,274.9,34.2615,-86.0903,13,-0.34,-0.46,CXON
1070,19:38:11,108,S,HSDEPLOYED,257.8,P,N,N,25.36,1053.07,6.41,19:38:11,257.8,34.2546,-86.0873,13,-0.36,-0.43,CXON
1070,19:38:12,109,S,HSDEPLOYED,239.4,P,N,N,25.23,1053.4,5.78,19:38:12,239.4,34.2456,-86.0792,13,-0.35,-0.38,CXON
1070,19:38:13,110,S,HSDEPLOYED,221.2,P,N,N,24.62,1054.01,5.71,19:38:13,221.2,34.2375,-86.0716,13,-0.34,-0.4,CXON
1070,19:38:14,111,S,HSDEPLOYED,216.6,P,N,N,24.58,1054.17,5.97,19:38:14,216.6,34.2313,-86.0646,13,-0.35,-0.4,CXON
1070,19:38:15,112,S,HSDEPLOYED,204.6,P,N,N,25.2,1055.08,5.83,19:38:15,204.6,34.2309,-86.0633,13,-0.33,-0.36,CXON
1070,19:38:16,113,S,PCDEPLOYED,196.2,P,C,N,25.15,1055.94,6.32,19:38:16,196.2,34.2221,-86.0553,13,-0.31,-0.34,CXON
1070,19:38:17,114,S,PCDEPLOYED,191.8,P,C,N,25.42,1055.95,5.69,19:38:17,191.8,34.2124,-86.05,13,-0.29,-0.33,CXON
1070,19:38:18,115,S,PCDEPLOYED,191.4,P,C,N,24.52,1056.08,5.64,19:38:18,191.4,34.2042,-86.0402,13,-0.32,-0.38,CXON
1070,19:38:19,116,S,PCDEPLOYED,190.2,P,C,N,24.98,1056.27,6.41,19:38:19,190.2,34.2041,-86.0364,13,-0.37,-0.38,CXON
1070,19:38:20,117,S,PCDEPLOYED,187.1,P,C,N,24.94,1056.51,6.28,19:38:20,187.1,34.1946,-86.0323,13,-0.32,-0.41,CXON
1070,19:38:21,118,S,PCDEPLOYED,184.5,P,C,N,25.5,1056.65,5.97,19:38:21,184.5,34.1935,-86.0269,13,-0.31,-0.46,CXON
1070,19:38:35,1,S,READY,0.4,N,N,N,25.1,1000.94,6.16,19:38:35,0.4,34.8158,-86.6331,13,-0.04,-0.03,CXON
1070,19:38:36,2,S,READY,1.2,N,N,N,24.6,1001.24,6.02,19:38:36,1.2,34.8137,-86.6293,13,-0.06,-0.03,CXON
1070,19:38:37,3,S,READY,1.4,N,N,N,24.78,1001.53,6.18,19:38:37,1.4,34.8117,-86.6257,13,-0.05,0.01,CXON
1070,19:38:38,4,S,READY,1.6,N,N,N,24.79,1001.83,6.25,19:38:38,1.6,34.803,-86.6187,13,-0.05,-0.04,CXON
1070,19:38:39,5,S,READY,1.7,N,N,N,24.66,1002.44,6.48,19:38:39,1.7,34.7971,-86.6181,13,-0.03,-0.06,CXON
1070,19:38:40,6,S,READY,2,N,N,N,24.67,1002.98,6.04,19:38:40,2,34.7929,-86.6128,13,-0.05,-0.08,CXON
1070,19:38:41,7,S,READY,2.3,N,N,N,25.29,1003.34,6.38,19:38:41,2.3,34.784,-86.6118,13,-0,-0.12,CXON
1070,19:38:42,8,S,READY,2.6,N,N,N,24.72,1004.02,5.74,19:38:42,2.6,34.7747,-86.6044,13,0.03,-0.1,CXON
1070,19:38:43,9,S,READY,3.3,N,N,N,24.68,1004.45,6.4,19:38:43,3.3,34.7649,-86.5952,13,-0.01,-0.1,CXON
1070,19:38:44,10,S,READY,4,N,N,N,25.43,1005.4,5.85,19:38:44,4,34.7578,-86.5896,13,0,-0.09,CXON
1070,19:38:45,11,S,READY,5,N,N,N,25.26,1005.8,5.63,19:38:45,5,34.7488,-86.5864,13,0.02,-0.08,CXON
1070,19:38:46,12,S,ASCENDING,5.4,N,N,N,24.59,1006.47,6.12,19:38:46,5.4,34.7464,-86.581,13,-0.01,-0.11,CXON
1070,19:38:47,13,S,ASCENDING,17.7,N,N,N,25.13,1006.6,5.78,19:38:47,17.7,34.7421,-86.5747,13,-0,-0.1,CXON
1070,19:38:48,14,S,ASCENDING,39.8,N,N,N,25.23,1007.43,5.5,19:38:48,39.8,34.7381,-86.5697,13,0.01,-0.11,CXON
1070,19:38:49,15,S,ASCENDING,67.3,N,N,N,24.53,1007.43,5.5,19:38:49,67.3,34.7322,-86.5641,13,0.04,-0.07,CXON
1070,19:38:50,16,S,ASCENDING,92.7,N,N,N,24.96,1008.03,5.53,19:38:50,92.7,34.7297,-86.5577,13,0.01,-0.1,CXON
1070,19:38:51,17,S,ASCENDING,93.6,N,N,N,25.09,1008.84,6.19,19:38:51,93.6,34.7243,-86.5479,13,0.04,-0.12,CXON
1070,19:38:52,18,S,ASCENDING,118.6,N,N,N,25.25,1008.99,5.86,19:38:52,118.6,34.722,-86.5416,13,0.04,-0.16,CXON
1070,19:38:53,19,S,ASCENDING,146.5,N,N,N,24.53,1009.38,6.09,19:38:53,146.5,34.7163,-86.5357,13,0.03,-0.15,CXON
1070,19:38:54,20,S,ASCENDING,149.7,N,N,N,24.99,1010.34,6.3,19:38:54,149.7,34.7085,-86.5318,13,-0.01,-0.18,CXON
1070,19:38:55,21,S,ASCENDING,165.3,N,N,N,25.24,1010.99,5.6,19:38:55,165.3,34.7075,-86.5303,13,-0.05,-0.2,CXON
1070,19:38:56,22,S,ASCENDING,181.5,N,N,N,24.66,1011.13,5.82,19:38:56,181.5,34.7018,-86.5252,13,-0.03,-0.18,CXON
1070,19:38:57,23,S,ASCENDING,200.6,N,N,N,25.02,1011.78,6.22,19:38:57,200.6,34.7017,-86.5249,13,-0.07,-0.19,CXON
1070,19:38:58,24,S,ASCENDING,208.2,N,N,N,25.33,1012.13,5.84,19:38:58,208.2,34.6995,-86.5193,13,-0.08,-0.19,CXON
1070,19:38:59,25,S,ASCENDING,229.2,N,N,N,24.67,1012.46,6.33,19:38:59,229.2,34.6989,-86.5093,13,-0.09,-0.23,CXON
1070,19:39:0,26,S,ASCENDING,250.6,N,N,N,25.28,1012.55,5.55,19:39:0,250.6,34.6964,-86.5008,13,-0.04,-0.26,CXON
1070,19:39:1,27,S,ASCENDING,270,N,N,N,24.52,1013.5,5.59,19:39:1,270,34.6933,-86.4963,13,-0.04,-0.3,CXON
1070,19:39:2,28,S,ASCENDING,298.5,N,N,N,25.17,1013.9,6.4,19:39:2,298.5,34.6901,-86.4913,13,-0.05,-0.35,CXON
1070,19:39:3,29,S,ASCENDING,325.1,N,N,N,25.15,1014.33,5.84,19:39:3,325.1,34.6877,-86.4836,13,-0.1,-0.33,CXON
1070,19:39:4,30,S,ASCENDING,346.8,N,N,N,25.13,1014.84,5.57,19:39:4,346.8,34.6789,-86.4738,13,-0.07,-0.3,CXON
1070,19:39:5,31,S,ASCENDING,371.9,N,N,N,24.75,1015.75,5.58,19:39:5,371.9,34.6726,-86.4663,13,-0.06,-0.34,CXON
1070,19:39:6,32,S,ASCENDING,401.8,N,N,N,24.51,1016.33,5.57,19:39:6,401.8,34.6661,-86.4564,13,-0.03,-0.36,CXON
1070,19:39:7,33,S,ASCENDING,407.3,N,N,N,25.16,1017.29,5.81,19:39:7,407.3,34.6564,-86.4481,13,-0.05,-0.33,CXON
1070,19:39:8,34,S,ASCENDING,434.2,N,N,N,24.92,1018.01,5.91,19:39:8,434.2,34.6468,-86.4479,13,-0.02,-0.34,CXON
1070,19:39:9,35,S,ASCENDING,459.9,N,N,N,24.52,1018.44,6.4,19:39:9,459.9,34.6464,-86.4413,13,-0.04,-0.34,CXON
1070,19:39:10,36,S,ASCENDING,467.7,N,N,N,25.34,1018.46,5.62,19:39:10,467.7,34.6381,-86.4382,13,-0.09,-0.3,CXON
1070,19:39:11,37,S,ASCENDING,490.8,N,N,N,24.87,1018.56,6.14,19:39:11,490.8,34.6302,-86.4356,13,-0.11,-0.33,CXON
1070,19:39:12,38,S,ASCENDING,508.2,N,N,N,25.32,1018.91,6.1,19:39:12,508.2,34.6261,-86.4344,13,-0.07,-0.37,CXON
1070,19:39:13,39,S,ASCENDING,518.7,N,N,N,24.73,1019.23,5.85,19:39:13,518.7,34.6231,-86.4247,13,-0.05,-0.4,CXON
1070,19:39:14,40,S,ASCENDING,522.7,N,N,N,25.46,1019.53,6.31,19:39:14,522.7,34.6136,-86.4183,13,-0,-0.37,CXON
1070,19:39:15,41,S,ASCENDING,537.5,N,N,N,24.68,1020.47,6.33,19:39:15,537.5,34.605,-86.4112,13,-0.02,-0.38,CXON
1070,19:39:16,42,S,ASCENDING,546.2,N,N,N,25.41,1021.41,6,19:39:16,546.2,34.5952,-86.4067,13,-0.07,-0.4,CXON
1070,19:39:17,43,S,ASCENDING,566.3,N,N,N,25.45,1022.16,6.04,19:39:17,566.3,34.5865,-86.4021,13,-0.06,-0.4,CXON
1070,19:39:18,44,S,ASCENDING,588.6,N,N,N,25.05,1023.11,6.01,19:39:18,588.6,34.5816,-86.4014,13,-0.08,-0.36,CXON
1070,19:39:19,45,S,ASCENDING,591.5,N,N,N,24.87,1023.52,5.92,19:39:19,591.5,34.5726,-86.4014,13,-0.1,-0.4,CXON
1070,19:39:20,46,S,ASCENDING,619.3,N,N,N,25.36,1023.78,6.49,19:39:20,619.3,34.5709,-86.3984,13,-0.1,-0.43,CXON
1070,19:39:21,47,S,ASCENDING,626.8,N,N,N,25.31,1024.49,5.76,19:39:21,626.8,34.5675,-86.3909,13,-0.15,-0.4,CXON
1070,19:39:22,48,S,ASCENDING,653.8,N,N,N,24.73,1024.5,6.45,19:39:22,653.8,34.5579,-86.3905,13,-0.13,-0.44,CXON
1070,19:39:23,49,S,ASCENDING,655,N,N,N,24.91,1024.98,5.85,19:39:23,655,34.5519,-86.3879,13,-0.1,-0.39,CXON
1070,19:39:24,50,S,ASCENDING,677.7,N,N,N,25.44,1025.21,6.22,19:39:24,677.7,34.5474,-86.3845,13,-0.1,-0.34,CXON
1070,20:12:40,1,S,READY,0.4,N,N,N,25.1,1000.94,6.16,20:12:40,0.4,34.8158,-86.6331,13,-0.04,-0.03,CXON
1070,20:12:41,2,S,READY,1.2,N,N,N,24.6,1001.24,6.02,20:12:41,1.2,34.8137,-86.6293,13,-0.06,-0.03,CXON
1070,20:12:42,3,S,READY,1.4,N,N,N,24.78,1001.53,6.18,20:12:42,1.4,34.8117,-86.6257,13,-0.05,0.01,CXON
1070,20:12:43,4,S,READY,1.6,N,N,N,24.79,1001.83,6.25,20:12:43,1.6,34.803,-86.6187,13,-0.05,-0.04,CXON
1070,20:12:44,5,S,READY,1.7,N,N,N,24.66,1002.44,6.48,20:12:44,1.7,34.7971,-86.6181,13,-0.03,-0.06,CXON
1070,20:12:46,6,S,READY,2,N,N,N,24.67,1002.98,6.04,20:12:46,2,34.7929,-86.6128,13,-0.05,-0.08,CXON
1070,20:12:47,7,S,READY,2.3,N,N,N,25.29,1003.34,6.38,20:12:47,2.3,34.784,-86.6118,13,-0,-0.12,CXON
1070,20:12:48,8,S,READY,2.6,N,N,N,24.72,1004.02,5.74,20:12:48,2.6,34.7747,-86.6044,13,0.03,-0.1,CXON
1070,20:12:49,9,S,READY,3.3,N,N,N,24.68,1004.45,6.4,20:12:49,3.3,34.7649,-86.5952,13,-0.01,-0.1,CXON
1070,20:12:50,10,S,READY,4,N,N,N,25.43,1005.4,5.85,20:12:50,4,34.7578,-86.5896,13,0,-0.09,CXON
1070,20:12:51,11,S,READY,5,N,N,N,25.26,1005.8,5.63,20:12:51,5,34.7488,-86.5864,13,0.02,-0.08,CXON
1070,20:12:52,12,S,ASCENDING,5.4,N,N,N,24.59,1006.47,6.12,20:12:52,5.4,34.7464,-86.581,13,-0.01,-0.11,CXON
1070,20:12:53,13,S,ASCENDING,17.7,N,N,N,25.13,1006.6,5.78,20:12:53,17.7,34.7421,-86.5747,13,-0,-0.1,CXON
1070,20:12:54,14,S,ASCENDING,39.8,N,N,N,25.23,1007.43,5.5,20:12:54,39.8,34.7381,-86.5697,13,0.01,-0.11,CXON
1070,20:12:55,15,S,ASCENDING,67.3,N,N,N,24.53,1007.43,5.5,20:12:55,67.3,34.7322,-86.5641,13,0.04,-0.07,CXON
1070,20:12:56,16,S,ASCENDING,92.7,N,N,N,24.96,1008.03,5.53,20:12:56,92.7,34.7297,-86.5577,13,0.01,-0.1,CXON
1070,20:12:57,17,S,ASCENDING,93.6,N,N,N,25.09,1008.84,6.19,20:12:57,93.6,34.7243,-86.5479,13,0.04,-0.12,CXON
1070,20:12:58,18,S,ASCENDING,118.6,N,N,N,25.25,1008.99,5.86,20:12:58,118.6,34.722,-86.5416,13,0.04,-0.16,CXON
1070,20:12:59,19,S,ASCENDING,146.5,N,N,N,24.53,1009.38,6.09,20:12:59,146.5,34.7163,-86.5357,13,0.03,-0.15,CXON
1070,20:13:0,20,S,ASCENDING,149.7,N,N,N,24.99,1010.34,6.3,20:13:0,149.7,34.7085,-86.5318,13,-0.01,-0.18,CXON
1070,20:13:1,21,S,ASCENDING,165.3,N,N,N,25.24,1010.99,5.6,20:13:1,165.3,34.7075,-86.5303,13,-0.05,-0.2,CXON
1070,20:13:2,22,S,ASCENDING,181.5,N,N,N,24.66,1011.13,5.82,20:13:2,181.5,34.7018,-86.5252,13,-0.03,-0.18,CXON
1070,20:13:3,23,S,ASCENDING,200.6,N,N,N,25.02,1011.78,6.22,20:13:3,200.6,34.7017,-86.5249,13,-0.07,-0.19,CXON
1070,20:13:4,24,S,ASCENDING,208.2,N,N,N,25.33,1012.13,5.84,20:13:4,208.2,34.6995,-86.5193,13,-0.08,-0.19,CXON
1070,20:13:5,25,S,ASCENDING,229.2,N,N,N,24.67,1012.46,6.33,20:13:5,229.2,34.6989,-86.5093,13,-0.09,-0.23,CXON
1070,20:13:6,26,S,ASCENDING,250.6,N,N,N,25.28,1012.55,5.55,20:13:6,250.6,34.6964,-86.5008,13,-0.04,-0.26,CXON
1070,20:13:7,27,S,ASCENDING,270,N,N,N,24.52,1013.5,5.59,20:13:7,270,34.6933,-86.4963,13,-0.04,-0.3,CXON
1070,20:13:8,28,S,ASCENDING,298.5,N,N,N,25.17,1013.9,6.4,20:13:8,298.5,34.6901,-86.4913,13,-0.05,-0.35,CXON
1070,20:13:9,29,S,ASCENDING,325.1,N,N,N,25.15,1014.33,5.84,20:13:9,325.1,34.6877,-86.4836,13,-0.1,-0.33,CXON
1070,20:13:10,30,S,ASCENDING,346.8,N,N,N,25.13,1014.84,5.57,20:13:10,346.8,34.6789,-86.4738,13,-0.07,-0.3,CXON
1070,20:13:11,31,S,ASCENDING,371.9,N,N,N,24.75,1015.75,5.58,20:13:11,371.9,34.6726,-86.4663,13,-0.06,-0.34,CXON
1070,20:13:12,32,S,ASCENDING,401.8,N,N,N,24.51,1016.33,5.57,20:13:12,401.8,34.6661,-86.4564,13,-0.03,-0.36,CXON
1070,20:13:13,33,S,ASCENDING,407.3,N,N,N,25.16,1017.29,5.81,20:13:13,407.3,34.6564,-86.4481,13,-0.05,-0.33,CXON
1070,20:13:14,34,S,ASCENDING,434.2,N,N,N,24.92,1018.01,5.91,20:13:14,434.2,34.6468,-86.4479,13,-0.02,-0.34,CXON
1070,20:13:15,35,S,ASCENDING,459.9,N,N,N,24.52,1018.44,6.4,20:13:15,459.9,34.6464,-86.4413,13,-0.04,-0.34,CXON
1070,20:13:16,36,S,ASCENDING,467.7,N,N,N,25.34,1018.46,5.62,20:13:16,467.7,34.6381,-86.4382,13,-0.09,-0.3,CXON
1070,20:13:17,37,S,ASCENDING,490.8,N,N,N,24.87,1018.56,6.14,20:13:17,490.8,34.6302,-86.4356,13,-0.11,-0.33,CXON
1070,20:13:18,38,S,ASCENDING,508.2,N,N,N,25.32,1018.91,6.1,20:13:18,508.2,34.6261,-86.4344,13,-0.07,-0.37,CXON
1070,20:13:19,39,S,ASCENDING,518.7,N,N,N,24.73,1019.23,5.85,20:13:19,518.7,34.6231,-86.4247,13,-0.05,-0.4,CXON
1070,20:13:20,40,S,ASCENDING,522.7,N,N,N,25.46,1019.53,6.31,20:13:20,522.7,34.6136,-86.4183,13,-0,-0.37,CXON
1070,20:13:21,41,S,ASCENDING,537.5,N,N,N,24.68,1020.47,6.33,20:13:21,537.5,34.605,-86.4112,13,-0.02,-0.38,CXON
1070,20:13:22,42,S,ASCENDING,546.2,N,N,N,25.41,1021.41,6,20:13:22,546.2,34.5952,-86.4067,13,-0.07,-0.4,CXON
1070,20:13:23,43,S,ASCENDING,566.3,N,N,N,25.45,1022.16,6.04,20:13:23,566.3,34.5865,-86.4021,13,-0.06,-0.4,CXON
1070,20:13:24,44,S,ASCENDING,588.6,N,N,N,25.05,1023.11,6.01,20:13:24,588.6,34.5816,-86.4014,13,-0.08,-0.36,CXON
1070,20:13:25,45,S,ASCENDING,591.5,N,N,N,24.87,1023.52,5.92,20:13:25,591.5,34.5726,-86.4014,13,-0.1,-0.4,CXON
1070,20:13:26,46,S,ASCENDING,619.3,N,N,N,25.36,1023.78,6.49,20:13:26,619.3,34.5709,-86.3984,13,-0.1,-0.43,CXON
1070,20:13:27,47,S,ASCENDING,626.8,N,N,N,25.31,1024.49,5.76,20:13:27,626.8,34.5675,-86.3909,13,-0.15,-0.4,CXON
1070,20:13:28,48,S,ASCENDING,653.8,N,N,N,24.73,1024.5,6.45,20:13:28,653.8,34.5579,-86.3905,13,-0.13,-0.44,CXON
1070,20:13:29,49,S,ASCENDING,655,N,N,N,24.91,1024.98,5.85,20:13:29,655,34.5519,-86.3879,13,-0.1,-0.39,CXON
1070,20:13:30,50,S,ASCENDING,677.7,N,N,N,25.44,1025.21,6.22,20:13:30,677.7,34.5474,-86.3845,13,-0.1,-0.34,CXON
1070,20:13:31,51,S,DESCENDING,701.4,N,N,N,24.86,1025.46,5.55,20:13:31,701.4,34.5398,-86.3779,13,-0.13,-0.32,CXON
1070,20:13:32,52,S,DESCENDING,693.6,N,N,N,24.89,1026.38,5.65,20:13:32,693.6,34.5321,-86.3754,13,-0.13,-0.3,CXON
1070,20:13:33,53,S,DESCENDING,684.3,N,N,N,24.58,1026.89,5.77,20:13:33,684.3,34.5311,-86.374,13,-0.16,-0.26,CXON
1070,20:13:34,54,S,DESCENDING,676.2,N,N,N,25.13,1027.14,6.47,20:13:34,676.2,34.5277,-86.3673,13,-0.13,-0.24,CXON
1070,20:13:35,55,S,DESCENDING,661.9,N,N,N,25,1027.56,5.96,20:13:35,661.9,34.5203,-86.3627,13,-0.16,-0.22,CXON
1070,20:13:36,56,S,DESCENDING,651.7,N,N,N,24.92,1028.3,6.16,20:13:36,651.7,34.5139,-86.3602,13,-0.17,-0.19,CXON
1070,20:13:37,57,S,DESCENDING,648.7,N,N,N,24.63,1028.59,6.01,20:13:37,648.7,34.504,-86.3538,13,-0.15,-0.2,CXON
1070,20:13:38,58,S,DESCENDING,636,N,N,N,25.01,1028.72,6.05,20:13:38,636,34.5011,-86.346,13,-0.19,-0.18,CXON
1070,20:13:39,59,S,DESCENDING,627.5,N,N,N,25.13,1029.11,5.5,20:13:39,627.5,34.4922,-86.3415,13,-0.18,-0.17,CXON
1070,20:13:40,60,S,DESCENDING,626.3,N,N,N,25.33,1029.92,5.57,20:13:40,626.3,34.4888,-86.3366,13,-0.17,-0.16,CXON
1070,20:13:41,61,S,DESCENDING,622.5,N,N,N,24.82,1030.71,5.58,20:13:41,622.5,34.4819,-86.3324,13,-0.22,-0.19,CXON
1070,20:13:42,62,S,DESCENDING,617,N,N,N,24.58,1031.27,5.73,20:13:42,617,34.4792,-86.3234,13,-0.2,-0.2,CXON
1070,20:13:43,63,S,DESCENDING,616.9,N,N,N,25.47,1031.94,5.86,20:13:43,616.9,34.4771,-86.3156,13,-0.17,-0.17,CXON
1070,20:13:44,64,S,DESCENDING,613.5,N,N,N,24.79,1032.55,5.95,20:13:44,613.5,34.4732,-86.3131,13,-0.22,-0.2,CXON
1070,20:13:45,65,S,DESCENDING,608.6,N,N,N,24.5,1033.46,5.74,20:13:45,608.6,34.4653,-86.3088,13,-0.23,-0.24,CXON
1070,20:13:46,66,S,DESCENDING,595.9,N,N,N,25.28,1033.98,5.6,20:13:46,595.9,34.4637,-86.3031,13,-0.27,-0.26,CXON
1070,20:13:47,67,S,DESCENDING,592.7,N,N,N,25.5,1034.91,5.6,20:13:47,592.7,34.4606,-86.2984,13,-0.31,-0.27,CXON
1070,20:13:48,68,S,DESCENDING,591.3,N,N,N,25.19,1035.7,5.53,20:13:48,591.3,34.4573,-86.2932,13,-0.33,-0.3,CXON
1070,20:13:49,69,S,DESCENDING,589.9,N,N,N,25.41,1036.07,5.66,20:13:49,589.9,34.4547,-86.2893,13,-0.36,-0.27,CXON
1070,20:13:50,70,S,DESCENDING,585.7,N,N,N,25.14,1036.39,6.13,20:13:50,585.7,34.4513,-86.2835,13,-0.37,-0.31,CXON
1070,20:13:51,71,S,DESCENDING,572.5,N,N,N,24.85,1036.77,6.3,20:13:51,572.5,34.4475,-86.2817,13,-0.38,-0.34,CXON
1070,20:13:52,72,S,DESCENDING,562.7,N,N,N,24.6,1036.93,5.53,20:13:52,562.7,34.4397,-86.2799,13,-0.33,-0.32,CXON
1070,20:13:53,73,S,DESCENDING,562.4,N,N,N,24.94,1037.18,6.11,20:13:53,562.4,34.4387,-86.2749,13,-0.36,-0.34,CXON
1070,20:13:54,74,S,DESCENDING,551.9,N,N,N,24.94,1038.1,5.71,20:13:54,551.9,34.434,-86.2655,13,-0.4,-0.31,CXON
1070,20:13:55,75,S,DESCENDING,551,N,N,N,24.52,1038.19,6.45,20:13:55,551,34.429,-86.2575,13,-0.4,-0.32,CXON
1070,20:13:56,76,S,DESCENDING,539.1,N,N,N,24.7,1038.51,6.45,20:13:56,539.1,34.4194,-86.2558,13,-0.42,-0.31,CXON
1070,20:13:57,77,S,DESCENDING,524.7,N,N,N,24.76,1039.13,5.69,20:13:57,524.7,34.4158,-86.2465,13,-0.41,-0.29,CXON
1070,20:13:58,78,S,DESCENDING,513.8,N,N,N,25.28,1039.2,6.26,20:13:58,513.8,34.4146,-86.2384,13,-0.41,-0.29,CXON
1070,20:13:59,79,S,DESCENDING,504.5,N,N,N,24.72,1039.25,6.13,20:13:59,504.5,34.41,-86.2337,13,-0.37,-0.28,CXON
1070,20:14:0,80,S,HSDEPLOYED,491.7,P,N,N,24.91,1039.86,5.96,20:14:0,491.7,34.4038,-86.2268,13,-0.39,-0.26,CXON
1070,20:14:1,81,S,HSDEPLOYED,474.7,P,N,N,25.28,1040.65,6.28,20:14:1,474.7,34.4007,-86.2265,13,-0.43,-0.29,CXON
1070,20:14:2,82,S,HSDEPLOYED,467.2,P,N,N,24.88,1041.42,5.79,20:14:2,467.2,34.3964,-86.2243,13,-0.45,-0.29,CXON
1070,20:14:3,83,S,HSDEPLOYED,462.4,P,N,N,24.91,1041.71,6.27,20:14:3,462.4,34.395,-86.2186,13,-0.47,-0.33,CXON
1070,20:14:4,84,S,HSDEPLOYED,449.3,P,N,N,25.14,1041.89,6.04,20:14:4,449.3,34.39,-86.2161,13,-0.51,-0.31,CXON
1070,20:14:5,85,S,HSDEPLOYED,448.8,P,N,N,24.91,1042.15,6.43,20:14:5,448.8,34.3829,-86.2076,13,-0.54,-0.35,CXON
1070,20:14:6,86,S,HSDEPLOYED,431.6,P,N,N,25.11,1042.89,6.11,20:14:6,431.6,34.3821,-86.2034,13,-0.51,-0.38,CXON
1070,20:14:7,87,S,HSDEPLOYED,428.3,P,N,N,24.6,1043.1,6,20:14:7,428.3,34.3727,-86.1952,13,-0.48,-0.41,CXON
1070,20:14:8,88,S,HSDEPLOYED,424.2,P,N,N,25.11,1043.35,6.12,20:14:8,424.2,34.372,-86.1899,13,-0.44,-0.41,CXON
1070,20:14:9,89,S,HSDEPLOYED,406.2,P,N,N,25.36,1044.13,6.33,20:14:9,406.2,34.3662,-86.187,13,-0.48,-0.36,CXON
1070,20:14:10,90,S,HSDEPLOYED,405.1,P,N,N,25.05,1044.55,5.98,20:14:10,405.1,34.3644,-86.1846,13,-0.46,-0.37,CXON
1070,20:14:11,91,S,HSDEPLOYED,403.1,P,N,N,25.27,1044.68,5.7,20:14:11,403.1,34.3568,-86.1765,13,-0.46,-0.4,CXON
1070,20:14:12,92,S,HSDEPLOYED,387.2,P,N,N,24.51,1045.22,6.48,20:14:12,387.2,34.3519,-86.1711,13,-0.41,-0.38,CXON
1070,20:14:13,93,S,HSDEPLOYED,376.4,P,N,N,24.97,1045.55,5.92,20:14:13,376.4,34.3465,-86.1647,13,-0.39,-0.4,CXON
1070,20:14:14,94,S,HSDEPLOYED,370.4,P,N,N,25.29,1045.74,6.14,20:14:14,370.4,34.3394,-86.1564,13,-0.38,-0.39,CXON
1070,20:14:15,95,S,HSDEPLOYED,357.3,P,N,N,24.52,1046.65,6.22,20:14:15,357.3,34.331,-86.1554,13,-0.33,-0.39,CXON
1070,20:14:16,96,S,HSDEPLOYED,357.1,P,N,N,24.67,1047.53,6.17,20:14:16,357.1,34.3234,-86.1514,13,-0.37,-0.4,CXON
1070,20:14:17,97,S,HSDEPLOYED,347.8,P,N,N,24.6,1047.6,5.69,20:14:17,347.8,34.3218,-86.1486,13,-0.41,-0.36,CXON
1070,20:14:18,98,S,HSDEPLOYED,347.3,P,N,N,25.45,1048.21,5.65,20:14:18,347.3,34.3144,-86.1479,13,-0.37,-0.36,CXON
1070,20:14:19,99,S,HSDEPLOYED,342.3,P,N,N,25.31,1048.93,6.05,20:14:19,342.3,34.3108,-86.139,13,-0.34,-0.38,CXON
1070,20:14:20,100,S,HSDEPLOYED,335.9,P,N,N,24.95,1049.06,6.28,20:14:20,335.9,34.3068,-86.1333,13,-0.38,-0.4,CXON
1070,20:14:21,101,S,HSDEPLOYED,332.7,P,N,N,25.11,1049.89,6.13,20:14:21,332.7,34.3047,-86.126,13,-0.37,-0.36,CXON
1070,20:14:22,102,S,HSDEPLOYED,327,P,N,N,24.97,1050.63,6,20:14:22,327,34.2952,-86.1229,13,-0.35,-0.37,CXON
1070,20:14:23,103,S,HSDEPLOYED,317.6,P,N,N,24.63,1050.64,5.51,20:14:23,317.6,34.2898,-86.1154,13,-0.35,-0.33,CXON
1070,20:14:24,104,S,HSDEPLOYED,298.6,P,N,N,24.66,1051.18,5.77,20:14:24,298.6,34.282,-86.108,13,-0.34,-0.37,CXON
1070,20:14:25,105,S,HSDEPLOYED,297.8,P,N,N,25.04,1051.87,5.77,20:14:25,297.8,34.2755,-86.1039,13,-0.3,-0.41,CXON
1070,20:14:27,106,S,HSDEPLOYED,279.7,P,N,N,25.2,1052.04,6.39,20:14:27,279.7,34.2692,-86.0976,13,-0.35,-0.44,CXON
1070,20:14:28,107,S,HSDEPLOYED,274.9,P,N,N,25.14,1052.56,5.59,20:14:28,274.9,34.2615,-86.0903,13,-0.34,-0.46,CXON
1070,20:14:29,108,S,HSDEPLOYED,257.8,P,N,N,25.36,1053.07,6.41,20:14:29,257.8,34.2546,-86.0873,13,-0.36,-0.43,CXON
1070,20:14:30,109,S,HSDEPLOYED,239.4,P,N,N,25.23,1053.4,5.78,20:14:30,239.4,34.2456,-86.0792,13,-0.35,-0.38,CXON
1070,20:14:31,110,S,HSDEPLOYED,221.2,P,N,N,24.62,1054.01,5.71,20:14:31,221.2,34.2375,-86.0716,13,-0.34,-0.4,CXON
1070,20:14:32,111,S,HSDEPLOYED,216.6,P,N,N,24.58,1054.17,5.97,20:14:32,216.6,34.2313,-86.0646,13,-0.35,-0.4,CXON
1070,20:14:33,112,S,HSDEPLOYED,204.6,P,N,N,25.2,1055.08,5.83,20:14:33,204.6,34.2309,-86.0633,13,-0.33,-0.36,CXON
1070,20:14:34,113,S,PCDEPLOYED,196.2,P,C,N,25.15,1055.94,6.32,20:14:34,196.2,34.2221,-86.0553,13,-0.31,-0.34,CXON
1070,20:14:35,114,S,PCDEPLOYED,191.8,P,C,N,25.42,1055.95,5.69,20:14:35,191.8,34.2124,-86.05,13,-0.29,-0.33,CXON
1070,20:14:36,115,S,PCDEPLOYED,191.4,P,C,N,24.52,1056.08,5.64,20:14:36,191.4,34.2042,-86.0402,13,-0.32,-0.38,CXON
1070,20:14:37,116,S,PCDEPLOYED,190.2,P,C,N,24.98,1056.27,6.41,20:14:37,190.2,34.2041,-86.0364,13,-0.37,-0.38,CXON
1070,20:14:38,117,S,PCDEPLOYED,187.1,P,C,N,24.94,1056.51,6.28,20:14:38,187.1,34.1946,-86.0323,13,-0.32,-0.41,CXON
1070,20:14:39,118,S,PCDEPLOYED,184.5,P,C,N,25.5,1056.65,5.97,20:14:39,184.5,34.1935,-86.0269,13,-0.31,-0.46,CXON
1070,20:14:40,119,S,PCDEPLOYED,180.5,P,C,N,24.91,1057.6,6.43,20:14:40,180.5,34.1886,-86.024,13,-0.33,-0.44,CXON
1070,20:14:41,120,S,PCDEPLOYED,180,P,C,N,24.6,1057.72,5.98,20:14:41,180,34.1793,-86.0205,13,-0.35,-0.47,CXON
1070,20:14:42,121,S,PCDEPLOYED,178,P,C,N,25.12,1058.24,5.81,20:14:42,178,34.1776,-86.0183,13,-0.31,-0.46,CXON
1070,20:14:43,122,S,PCDEPLOYED,174.1,P,C,N,25,1058.84,5.68,20:14:43,174.1,34.1725,-86.0122,13,-0.29,-0.44,CXON
1070,20:14:44,123,S,PCDEPLOYED,173.3,P,C,N,24.67,1058.96,5.53,20:14:44,173.3,34.166,-86.0064,13,-0.33,-0.46,CXON
1070,20:14:45,124,S,PCDEPLOYED,171.1,P,C,N,25.49,1059.46,5.82,20:14:45,171.1,34.165,-85.9975,13,-0.35,-0.5,CXON
1070,20:14:46,125,S,PCDEPLOYED,167.1,P,C,N,25.39,1059.58,5.67,20:14:46,167.1,34.1614,-85.9916,13,-0.32,-0.5,CXON
1070,20:14:47,126,S,PCDEPLOYED,165,P,C,N,24.92,1060.31,5.8,20:14:47,165,34.1601,-85.982,13,-0.32,-0.52,CXON
1070,20:14:48,127,S,PCDEPLOYED,164.1,P,C,N,25.48,1060.83,5.61,20:14:48,164.1,34.1581,-85.9744,13,-0.34,-0.56,CXON
1070,20:14:49,128,S,PCDEPLOYED,162.1,P,C,N,24.77,1061.77,6.21,20:14:49,162.1,34.1526,-85.9728,13,-0.34,-0.54,CXON
1070,20:14:50,129,S,PCDEPLOYED,158,P,C,N,24.66,1062.06,6.04,20:14:50,158,34.1446,-85.9728,13,-0.39,-0.53,CXON
1070,20:14:51,130,S,PCDEPLOYED,158,P,C,N,25.26,1062.2,5.91,20:14:51,158,34.1378,-85.9668,13,-0.43,-0.52,CXON
1070,20:14:52,131,S,PCDEPLOYED,153.3,P,C,N,25.33,1062.76,5.52,20:14:52,153.3,34.1286,-85.9627,13,-0.48,-0.52,CXON
1070,20:14:53,132,S,PCDEPLOYED,149.4,P,C,N,25.17,1063.36,5.79,20:14:53,149.4,34.1259,-85.9614,13,-0.45,-0.57,CXON
1070,20:14:54,133,S,PCDEPLOYED,146.7,P,C,N,25.32,1063.68,6.42,20:14:54,146.7,34.117,-85.9605,13,-0.47,-0.59,CXON
1070,20:14:55,134,S,PCDEPLOYED,146.4,P,C,N,24.9,1064.67,6.47,20:14:55,146.4,34.116,-85.955,13,-0.5,-0.57,CXON
1070,20:14:56,135,S,PCDEPLOYED,143.8,P,C,N,25.18,1065.28,5.89,20:14:56,143.8,34.1099,-85.9469,13,-0.51,-0.58,CXON
1070,20:14:57,136,S,PCDEPLOYED,139.6,P,C,N,25.23,1065.81,6.32,20:14:57,139.6,34.1022,-85.9413,13,-0.47,-0.62,CXON
1070,20:14:58,137,S,PCDEPLOYED,136.1,P,C,N,24.66,1066.02,5.76,20:14:58,136.1,34.0933,-85.9357,13,-0.42,-0.61,CXON
1070,20:14:59,138,S,PCDEPLOYED,133.4,P,C,N,24.92,1066.4,6.41,20:14:59,133.4,34.0848,-85.9313,13,-0.45,-0.6,CXON
1070,20:15:0,139,S,PCDEPLOYED,131,P,C,N,25.24,1067.3,6.19,20:15:0,131,34.0766,-85.9272,13,-0.48,-0.63,CXON
1070,20:15:17,1,S,READY,0.4,N,N,N,25.1,1000.94,6.16,20:15:17,0.4,34.8158,-86.6331,13,-0.04,-0.03,CXON
1070,20:15:18,2,S,READY,1.2,N,N,N,24.6,1001.24,6.02,20:15:18,1.2,34.8137,-86.6293,13,-0.06,-0.03,CXON
1070,20:15:19,3,S,READY,1.4,N,N,N,24.78,1001.53,6.18,20:15:19,1.4,34.8117,-86.6257,13,-0.05,0.01,CXON
1070,20:15:20,4,S,READY,1.6,N,N,N,24.79,1001.83,6.25,20:15:20,1.6,34.803,-86.6187,13,-0.05,-0.04,CXON
1070,20:15:21,5,S,READY,1.7,N,N,N,24.66,1002.44,6.48,20:15:21,1.7,34.7971,-86.6181,13,-0.03,-0.06,CXON
1070,20:15:22,6,S,READY,2,N,N,N,24.67,1002.98,6.04,20:15:22,2,34.7929,-86.6128,13,-0.05,-0.08,CXON
1070,20:15:23,7,S,READY,2.3,N,N,N,25.29,1003.34,6.38,20:15:23,2.3,34.784,-86.6118,13,-0,-0.12,CXON
1070,20:15:24,8,S,READY,2.6,N,N,N,24.72,1004.02,5.74,20:15:24,2.6,34.7747,-86.6044,13,0.03,-0.1,CXON
1070,20:15:25,9,S,READY,3.3,N,N,N,24.68,1004.45,6.4,20:15:25,3.3,34.7649,-86.5952,13,-0.01,-0.1,CXON
1070,20:15:26,10,S,READY,4,N,N,N,25.43,1005.4,5.85,20:15:26,4,34.7578,-86.5896,13,0,-0.09,CXON
1070,20:15:27,11,S,READY,5,N,N,N,25.26,1005.8,5.63,20:15:27,5,34.7488,-86.5864,13,0.02,-0.08,CXON
1070,20:15:28,12,S,ASCENDING,5.4,N,N,N,24.59,1006.47,6.12,20:15:28,5.4,34.7464,-86.581,13,-0.01,-0.11,CXON
1070,20:15:29,13,S,ASCENDING,17.7,N,N,N,25.13,1006.6,5.78,20:15:29,17.7,34.7421,-86.5747,13,-0,-0.1,CXON
1070,20:15:30,14,S,ASCENDING,39.8,N,N,N,25.23,1007.43,5.5,20:15:30,39.8,34.7381,-86.5697,13,0.01,-0.11,CXON
1070,20:15:31,15,S,ASCENDING,67.3,N,N,N,24.53,1007.43,5.5,20:15:31,67.3,34.7322,-86.5641,13,0.04,-0.07,CXON
1070,20:15:32,16,S,ASCENDING,92.7,N,N,N,24.96,1008.03,5.53,20:15:32,92.7,34.7297,-86.5577,13,0.01,-0.1,CXON
1070,20:15:33,17,S,ASCENDING,93.6,N,N,N,25.09,1008.84,6.19,20:15:33,93.6,34.7243,-86.5479,13,0.04,-0.12,CXON
1070,20:15:34,18,S,ASCENDING,118.6,N,N,N,25.25,1008.99,5.86,20:15:34,118.6,34.722,-86.5416,13,0.04,-0.16,CXON
1070,20:15:35,19,S,ASCENDING,146.5,N,N,N,24.53,1009.38,6.09,20:15:35,146.5,34.7163,-86.5357,13,0.03,-0.15,CXON
1070,20:15:36,20,S,ASCENDING,149.7,N,N,N,24.99,1010.34,6.3,20:15:36,149.7,34.7085,-86.5318,13,-0.01,-0.18,CXON
1070,20:15:37,21,S,ASCENDING,165.3,N,N,N,25.24,1010.99,5.6,20:15:37,165.3,34.7075,-86.5303,13,-0.05,-0.2,CXON
1070,20:15:38,22,S,ASCENDING,181.5,N,N,N,24.66,1011.13,5.82,20:15:38,181.5,34.7018,-86.5252,13,-0.03,-0.18,CXON
1070,20:15:39,23,S,ASCENDING,200.6,N,N,N,25.02,1011.78,6.22,20:15:39,200.6,34.7017,-86.5249,13,-0.07,-0.19,CXON
1070,20:15:40,24,S,ASCENDING,208.2,N,N,N,25.33,1012.13,5.84,20:15:40,208.2,34.6995,-86.5193,13,-0.08,-0.19,CXON
1070,20:15:41,25,S,ASCENDING,229.2,N,N,N,24.67,1012.46,6.33,20:15:41,229.2,34.6989,-86.5093,13,-0.09,-0.23,CXON
1070,20:15:42,26,S,ASCENDING,250.6,N,N,N,25.28,1012.55,5.55,20:15:42,250.6,34.6964,-86.5008,13,-0.04,-0.26,CXON
1070,20:15:43,27,S,ASCENDING,270,N,N,N,24.52,1013.5,5.59,20:15:43,270,34.6933,-86.4963,13,-0.04,-0.3,CXON
1070,20:15:44,28,S,ASCENDING,298.5,N,N,N,25.17,1013.9,6.4,20:15:44,298.5,34.6901,-86.4913,13,-0.05,-0.35,CXON
1070,20:15:45,29,S,ASCENDING,325.1,N,N,N,25.15,1014.33,5.84,20:15:45,325.1,34.6877,-86.4836,13,-0.1,-0.33,CXON
1070,20:15:46,30,S,ASCENDING,346.8,N,N,N,25.13,1014.84,5.57,20:15:46,346.8,34.6789,-86.4738,13,-0.07,-0.3,CXON
1070,20:15:47,31,S,ASCENDING,371.9,N,N,N,24.75,1015.75,5.58,20:15:47,371.9,34.6726,-86.4663,13,-0.06,-0.34,CXON
1070,20:15:48,32,S,ASCENDING,401.8,N,N,N,24.51,1016.33,5.57,20:15:48,401.8,34.6661,-86.4564,13,-0.03,-0.36,CXON
1070,20:15:49,33,S,ASCENDING,407.3,N,N,N,25.16,1017.29,5.81,20:15:49,407.3,34.6564,-86.4481,13,-0.05,-0.33,CXON
1070,20:15:50,34,S,ASCENDING,434.2,N,N,N,24.92,1018.01,5.91,20:15:50,434.2,34.6468,-86.4479,13,-0.02,-0.34,CXON
1070,20:15:51,35,S,ASCENDING,459.9,N,N,N,24.52,1018.44,6.4,20:15:51,459.9,34.6464,-86.4413,13,-0.04,-0.34,CXON
1070,20:15:52,36,S,ASCENDING,467.7,N,N,N,25.34,1018.46,5.62,20:15:52,467.7,34.6381,-86.4382,13,-0.09,-0.3,CXON
1070,20:15:53,37,S,ASCENDING,490.8,N,N,N,24.87,1018.56,6.14,20:15:53,490.8,34.6302,-86.4356,13,-0.11,-0.33,CXON
1070,20:15:54,38,S,ASCENDING,508.2,N,N,N,25.32,1018.91,6.1,20:15:54,508.2,34.6261,-86.4344,13,-0.07,-0.37,CXON
1070,20:15:55,39,S,ASCENDING,518.7,N,N,N,24.73,1019.23,5.85,20:15:55,518.7,34.6231,-86.4247,13,-0.05,-0.4,CXON
1070,20:15:56,40,S,ASCENDING,522.7,N,N,N,25.46,1019.53,6.31,20:15:56,522.7,34.6136,-86.4183,13,-0,-0.37,CXON
1070,20:15:57,41,S,ASCENDING,537.5,N,N,N,24.68,1020.47,6.33,20:15:57,537.5,34.605,-86.4112,13,-0.02,-0.38,CXON
1070,20:15:58,42,S,ASCENDING,546.2,N,N,N,25.41,1021.41,6,20:15:58,546.2,34.5952,-86.4067,13,-0.07,-0.4,CXON
1070,20:15:59,43,S,ASCENDING,566.3,N,N,N,25.45,1022.16,6.04,20:15:59,566.3,34.5865,-86.4021,13,-0.06,-0.4,CXON
1070,20:16:0,44,S,ASCENDING,588.6,N,N,N,25.05,1023.11,6.01,20:16:0,588.6,34.5816,-86.4014,13,-0.08,-0.36,CXON
1070,20:16:1,45,S,ASCENDING,591.5,N,N,N,24.87,1023.52,5.92,20:16:1,591.5,34.5726,-86.4014,13,-0.1,-0.4,CXON
1070,20:16:2,46,S,ASCENDING,619.3,N,N,N,25.36,1023.78,6.49,20:16:2,619.3,34.5709,-86.3984,13,-0.1,-0.43,CXON
1070,20:16:3,47,S,ASCENDING,626.8,N,N,N,25.31,1024.49,5.76,20:16:3,626.8,34.5675,-86.3909,13,-0.15,-0.4,CXON
1070,20:16:4,48,S,ASCENDING,653.8,N,N,N,24.73,1024.5,6.45,20:16:4,653.8,34.5579,-86.3905,13,-0.13,-0.44,CXON
1070,20:16:5,49,S,ASCENDING,655,N,N,N,24.91,1024.98,5.85,20:16:5,655,34.5519,-86.3879,13,-0.1,-0.39,CXON
1070,20:16:6,50,S,ASCENDING,677.7,N,N,N,25.44,1025.21,6.22,20:16:6,677.7,34.5474,-86.3845,13,-0.1,-0.34,CXON
1070,20:16:7,51,S,DESCENDING,701.4,N,N,N,24.86,1025.46,5.55,20:16:7,701.4,34.5398,-86.3779,13,-0.13,-0.32,CXON
1070,20:16:8,52,S,DESCENDING,693.6,N,N,N,24.89,1026.38,5.65,20:16:8,693.6,34.5321,-86.3754,13,-0.13,-0.3,CXON
1070,20:16:9,53,S,DESCENDING,684.3,N,N,N,24.58,1026.89,5.77,20:16:9,684.3,34.5311,-86.374,13,-0.16,-0.26,CXON
1070,20:16:10,54,S,DESCENDING,676.2,N,N,N,25.13,1027.14,6.47,20:16:10,676.2,34.5277,-86.3673,13,-0.13,-0.24,CXON
1070,20:16:11,55,S,DESCENDING,661.9,N,N,N,25,1027.56,5.96,20:16:11,661.9,34.5203,-86.3627,13,-0.16,-0.22,CXON
1070,20:16:12,56,S,DESCENDING,651.7,N,N,N,24.92,1028.3,6.16,20:16:12,651.7,34.5139,-86.3602,13,-0.17,-0.19,CXON
1070,20:16:13,57,S,DESCENDING,648.7,N,N,N,24.63,1028.59,6.01,20:16:13,648.7,34.504,-86.3538,13,-0.15,-0.2,CXON
1070,20:16:14,58,S,DESCENDING,636,N,N,N,25.01,1028.72,6.05,20:16:14,636,34.5011,-86.346,13,-0.19,-0.18,CXON
1070,20:16:15,59,S,DESCENDING,627.5,N,N,N,25.13,1029.11,5.5,20:16:15,627.5,34.4922,-86.3415,13,-0.18,-0.17,CXON
1070,20:16:16,60,S,DESCENDING,626.3,N,N,N,25.33,1029.92,5.57,20:16:16,626.3,34.4888,-86.3366,13,-0.17,-0.16,CXON
1070,20:16:17,61,S,DESCENDING,622.5,N,N,N,24.82,1030.71,5.58,20:16:17,622.5,34.4819,-86.3324,13,-0.22,-0.19,CXON
1070,20:16:18,62,S,DESCENDING,617,N,N,N,24.58,1031.27,5.73,20:16:18,617,34.4792,-86.3234,13,-0.2,-0.2,CXON
1070,20:16:20,63,S,DESCENDING,616.9,N,N,N,25.47,1031.94,5.86,20:16:20,616.9,34.4771,-86.3156,13,-0.17,-0.17,CXON
1070,20:16:21,64,S,DESCENDING,613.5,N,N,N,24.79,1032.55,5.95,20:16:21,613.5,34.4732,-86.3131,13,-0.22,-0.2,CXON
1070,20:16:22,65,S,DESCENDING,608.6,N,N,N,24.5,1033.46,5.74,20:16:22,608.6,34.4653,-86.3088,13,-0.23,-0.24,CXON
1070,20:16:23,66,S,DESCENDING,595.9,N,N,N,25.28,1033.98,5.6,20:16:23,595.9,34.4637,-86.3031,13,-0.27,-0.26,CXON
1070,20:16:24,67,S,DESCENDING,592.7,N,N,N,25.5,1034.91,5.6,20:16:24,592.7,34.4606,-86.2984,13,-0.31,-0.27,CXON
1070,20:16:25,68,S,DESCENDING,591.3,N,N,N,25.19,1035.7,5.53,20:16:25,591.3,34.4573,-86.2932,13,-0.33,-0.3,CXON
1070,20:16:26,69,S,DESCENDING,589.9,N,N,N,25.41,1036.07,5.66,20:16:26,589.9,34.4547,-86.2893,13,-0.36,-0.27,CXON
1070,20:16:27,70,S,DESCENDING,585.7,N,N,N,25.14,1036.39,6.13,20:16:27,585.7,34.4513,-86.2835,13,-0.37,-0.31,CXON
1070,20:16:28,71,S,DESCENDING,572.5,N,N,N,24.85,1036.77,6.3,20:16:28,572.5,34.4475,-86.2817,13,-0.38,-0.34,CXON
1070,20:16:29,72,S,DESCENDING,562.7,N,N,N,24.6,1036.93,5.53,20:16:29,562.7,34.4397,-86.2799,13,-0.33,-0.32,CXON
1070,20:16:30,73,S,DESCENDING,562.4,N,N,N,24.94,1037.18,6.11,20:16:30,562.4,34.4387,-86.2749,13,-0.36,-0.34,CXON
1070,20:16:31,74,S,DESCENDING,551.9,N,N,N,24.94,1038.1,5.71,20:16:31,551.9,34.434,-86.2655,13,-0.4,-0.31,CXON
1070,20:16:32,75,S,DESCENDING,551,N,N,N,24.52,1038.19,6.45,20:16:32,551,34.429,-86.2575,13,-0.4,-0.32,CXON
1070,20:16:33,76,S,DESCENDING,539.1,N,N,N,24.7,1038.51,6.45,20:16:33,539.1,34.4194,-86.2558,13,-0.42,-0.31,CXON
1070,20:16:34,77,S,DESCENDING,524.7,N,N,N,24.76,1039.13,5.69,20:16:34,524.7,34.4158,-86.2465,13,-0.41,-0.29,CXON
1070,20:16:35,78,S,DESCENDING,513.8,N,N,N,25.28,1039.2,6.26,20:16:35,513.8,34.4146,-86.2384,13,-0.41,-0.29,CXON
1070,20:16:36,79,S,DESCENDING,504.5,N,N,N,24.72,1039.25,6.13,20:16:36,504.5,34.41,-86.2337,13,-0.37,-0.28,CXON
1070,20:16:37,80,S,HSDEPLOYED,491.7,P,N,N,24.91,1039.86,5.96,20:16:37,491.7,34.4038,-86.2268,13,-0.39,-0.26,CXON
1070,20:16:38,81,S,HSDEPLOYED,474.7,P,N,N,25.28,1040.65,6.28,20:16:38,474.7,34.4007,-86.2265,13,-0.43,-0.29,CXON
1070,20:16:39,82,S,HSDEPLOYED,467.2,P,N,N,24.88,1041.42,5.79,20:16:39,467.2,34.3964,-86.2243,13,-0.45,-0.29,CXON
1070,20:16:40,83,S,HSDEPLOYED,462.4,P,N,N,24.91,1041.71,6.27,20:16:40,462.4,34.395,-86.2186,13,-0.47,-0.33,CXON
1070,20:16:41,84,S,HSDEPLOYED,449.3,P,N,N,25.14,1041.89,6.04,20:16:41,449.3,34.39,-86.2161,13,-0.51,-0.31,CXON
1070,20:16:42,85,S,HSDEPLOYED,448.8,P,N,N,24.91,1042.15,6.43,20:16:42,448.8,34.3829,-86.2076,13,-0.54,-0.35,CXON
1070,20:16:43,86,S,HSDEPLOYED,431.6,P,N,N,25.11,1042.89,6.11,20:16:43,431.6,34.3821,-86.2034,13,-0.51,-0.38,CXON
1070,20:16:44,87,S,HSDEPLOYED,428.3,P,N,N,24.6,1043.1,6,20:16:44,428.3,34.3727,-86.1952,13,-0.48,-0.41,CXON
1070,20:16:45,88,S,HSDEPLOYED,424.2,P,N,N,25.11,1043.35,6.12,20:16:45,424.2,34.372,-86.1899,13,-0.44,-0.41,CXON
1070,20:16:46,89,S,HSDEPLOYED,406.2,P,N,N,25.36,1044.13,6.33,20:16:46,406.2,34.3662,-86.187,13,-0.48,-0.36,CXON
1070,20:16:47,90,S,HSDEPLOYED,405.1,P,N,N,25.05,1044.55,5.98,20:16:47,405.1,34.3644,-86.1846,13,-0.46,-0.37,CXON
1070,20:16:48,91,S,HSDEPLOYED,403.1,P,N,N,25.27,1044.68,5.7,20:16:48,403.1,34.3568,-86.1765,13,-0.46,-0.4,CXON
1070,20:16:49,92,S,HSDEPLOYED,387.2,P,N,N,24.51,1045.22,6.48,20:16:49,387.2,34.3519,-86.1711,13,-0.41,-0.38,CXON
1070,20:16:50,93,S,HSDEPLOYED,376.4,P,N,N,24.97,1045.55,5.92,20:16:50,376.4,34.3465,-86.1647,13,-0.39,-0.4,CXON
1070,20:16:51,94,S,HSDEPLOYED,370.4,P,N,N,25.29,1045.74,6.14,20:16:51,370.4,34.3394,-86.1564,13,-0.38,-0.39,CXON
